#
# There is insufficient memory for the Java Runtime Environment to continue.
# Native memory allocation (mmap) failed to map 677380096 bytes for G1 virtual space
# Possible reasons:
#   The system is out of physical RAM or swap space
#   The process is running with CompressedOops enabled, and the Java Heap may be blocking the growth of the native heap
# Possible solutions:
#   Reduce memory load on the system
#   Increase physical memory or swap space
#   Check if swap backing store is full
#   Decrease Java heap size (-Xmx/-Xms)
#   Decrease number of Java threads
#   Decrease Java thread stack sizes (-Xss)
#   Set larger code cache with -XX:ReservedCodeCacheSize=
#   JVM is running with Unscaled Compressed Oops mode in which the Java heap is
#     placed in the first 4GB address space. The Java Heap base address is the
#     maximum limit for the native heap growth. Please use -XX:HeapBaseMinAddress
#     to set the Java Heap base and to place the Java Heap above 4GB virtual address.
# This output file may be truncated or incomplete.
#
#  Out of Memory Error (os_windows.cpp:3825), pid=22380, tid=19216
#
# JRE version: OpenJDK Runtime Environment (17.0.10) (build 17.0.10+0--11572160)
# Java VM: OpenJDK 64-Bit Server VM (17.0.10+0--11572160, mixed mode, tiered, compressed oops, compressed class ptrs, g1 gc, windows-amd64)
# No core dump will be written. Minidumps are not enabled by default on client versions of Windows
#

---------------  S U M M A R Y ------------

Command Line: --add-opens=java.base/java.util.concurrent.atomic=ALL-UNNAMED -agentlib:jdwp=transport=dt_socket,server=n,suspend=y,address=127.0.0.1:57356 --add-opens=java.base/java.util=ALL-UNNAMED --add-opens=java.base/java.lang=ALL-UNNAMED --add-opens=java.base/java.lang.invoke=ALL-UNNAMED --add-opens=java.prefs/java.util.prefs=ALL-UNNAMED --add-opens=java.base/java.nio.charset=ALL-UNNAMED --add-opens=java.base/java.net=ALL-UNNAMED --add-opens=java.base/java.util.concurrent.atomic=ALL-UNNAMED -Xmx2048m -Dfile.encoding=UTF-8 -Duser.country=US -Duser.language=en -Duser.variant -javaagent:C:\Users\csosa\.gradle\wrapper\dists\gradle-8.6-bin\afr5mpiioh2wthjmwnkmdsd5w\gradle-8.6\lib\agents\gradle-instrumentation-agent-8.6.jar org.gradle.launcher.daemon.bootstrap.GradleDaemon 8.6

Host: AMD Ryzen 5 3500U with Radeon Vega Mobile Gfx  , 8 cores, 5G,  Windows 11 , 64 bit Build 22621 (10.0.22621.4391)
Time: Mon Dec  2 18:27:32 2024 SA Western Standard Time elapsed time: 80.469151 seconds (0d 0h 1m 20s)

---------------  T H R E A D  ---------------

Current thread (0x000001fd5cc7dc80):  VMThread "VM Thread" [stack: 0x0000003abce00000,0x0000003abcf00000] [id=19216]

Stack: [0x0000003abce00000,0x0000003abcf00000]
Native frames: (J=compiled Java code, j=interpreted, Vv=VM code, C=native code)
V  [jvm.dll+0x688e89]
V  [jvm.dll+0x84247a]
V  [jvm.dll+0x8440be]
V  [jvm.dll+0x844723]
V  [jvm.dll+0x24be0f]
V  [jvm.dll+0x685c59]
V  [jvm.dll+0x67a50a]
V  [jvm.dll+0x30cbab]
V  [jvm.dll+0x314056]
V  [jvm.dll+0x363dce]
V  [jvm.dll+0x363fff]
V  [jvm.dll+0x2e2978]
V  [jvm.dll+0x2e0b54]
V  [jvm.dll+0x2e015c]
V  [jvm.dll+0x32502b]
V  [jvm.dll+0x848e1b]
V  [jvm.dll+0x849b61]
V  [jvm.dll+0x84a07d]
V  [jvm.dll+0x84a454]
V  [jvm.dll+0x84a520]
V  [jvm.dll+0x7f0d1a]
V  [jvm.dll+0x687d05]
C  [ucrtbase.dll+0x29333]
C  [KERNEL32.DLL+0x1259d]
C  [ntdll.dll+0x5af38]

VM_Operation (0x0000003ac72fa3e0): G1CollectForAllocation, mode: safepoint, requested by thread 0x000001fd64e1c9e0


---------------  P R O C E S S  ---------------

Threads class SMR info:
_java_thread_list=0x000001fd692454f0, length=153, elements={
0x000001fd42e30b00, 0x000001fd5cc7f1c0, 0x000001fd5cc80f60, 0x000001fd5ccae6c0,
0x000001fd6102c2e0, 0x000001fd6102fcd0, 0x000001fd610305a0, 0x000001fd61031250,
0x000001fd61032420, 0x000001fd61032d30, 0x000001fd611a3820, 0x000001fd6137d410,
0x000001fd613526b0, 0x000001fd61352fc0, 0x000001fd613cb7c0, 0x000001fd631cc810,
0x000001fd62cbbe50, 0x000001fd62cb9ae0, 0x000001fd62cbaa10, 0x000001fd62cbc870,
0x000001fd62cb9ff0, 0x000001fd62cb95d0, 0x000001fd62cbc360, 0x000001fd62cba500,
0x000001fd62cbaf20, 0x000001fd62cbb430, 0x000001fd62cbb940, 0x000001fd612deb10,
0x000001fd612df020, 0x000001fd612da940, 0x000001fd612d9500, 0x000001fd612dfa40,
0x000001fd612df530, 0x000001fd612dccb0, 0x000001fd612dff50, 0x000001fd612dc7a0,
0x000001fd612e0460, 0x000001fd612dc290, 0x000001fd612dbd80, 0x000001fd612dd6d0,
0x000001fd612dd1c0, 0x000001fd612da430, 0x000001fd612d9a10, 0x000001fd612ddbe0,
0x000001fd612de0f0, 0x000001fd612db870, 0x000001fd62cb90c0, 0x000001fd6861e750,
0x000001fd6861d820, 0x000001fd6861ec60, 0x000001fd686205b0, 0x000001fd6861dd30,
0x000001fd6861e240, 0x000001fd68623850, 0x000001fd68620fd0, 0x000001fd6861d310,
0x000001fd612d9f20, 0x000001fd6f6a6080, 0x000001fd6f6a6fb0, 0x000001fd6f6a83f0,
0x000001fd6f6a19a0, 0x000001fd6f6a1eb0, 0x000001fd6f6a3800, 0x000001fd6f6a5b70,
0x000001fd6f6a4c40, 0x000001fd6f6a1490, 0x000001fd6f6a4730, 0x000001fd6f6a5150,
0x000001fd6f6a6590, 0x000001fd6f6a28d0, 0x000001fd6f6a74c0, 0x000001fd6f6a3d10,
0x000001fd6f6a32f0, 0x000001fd6f6a79d0, 0x000001fd6f6a4220, 0x000001fd6f6a8e10,
0x000001fd6f6a7ee0, 0x000001fd6f6a23c0, 0x000001fd6760b220, 0x000001fd6760c660,
0x000001fd6760a2f0, 0x000001fd6760b730, 0x000001fd67608eb0, 0x000001fd6760bc40,
0x000001fd676093c0, 0x000001fd676098d0, 0x000001fd6760ad10, 0x000001fd686219f0,
0x000001fd686200a0, 0x000001fd675593a0, 0x000001fd67559dc0, 0x000001fd67557f60,
0x000001fd67558e90, 0x000001fd6755a2d0, 0x000001fd6755a7e0, 0x000001fd6755acf0,
0x000001fd6755b200, 0x000001fd67557a50, 0x000001fd67558470, 0x000001fd6486eb80,
0x000001fd648709e0, 0x000001fd6486f5a0, 0x000001fd6486d740, 0x000001fd6486b3d0,
0x000001fd6486e160, 0x000001fd6486bdf0, 0x000001fd6486fab0, 0x000001fd6486c810,
0x000001fd6486e670, 0x000001fd6486ffc0, 0x000001fd6486a4a0, 0x000001fd6486dc50,
0x000001fd648704d0, 0x000001fd6486c300, 0x000001fd64871400, 0x000001fd64871910,
0x000001fd64871e20, 0x000001fd6486a9b0, 0x000001fd6486aec0, 0x000001fd6486cd20,
0x000001fd6486d230, 0x000001fd67c5ab90, 0x000001fd67c5d410, 0x000001fd67c58310,
0x000001fd67c5ed60, 0x000001fd67c5de30, 0x000001fd67c5bfd0, 0x000001fd67c5cf00,
0x000001fd67c58820, 0x000001fd67c57e00, 0x000001fd67c5a170, 0x000001fd67c5bac0,
0x000001fd67c59c60, 0x000001fd67c58d30, 0x000001fd67c5e850, 0x000001fd65005620,
0x000001fd67c5f270, 0x000001fd67c5a680, 0x000001fd67c59240, 0x000001fd67c5c4e0,
0x000001fd67c5f780, 0x000001fd67c59750, 0x000001fd67c5b0a0, 0x000001fd6760a800,
0x000001fd64e1f260, 0x000001fd64e1ed50, 0x000001fd64e1b5a0, 0x000001fd64e210c0,
0x000001fd64e1c9e0, 0x000001fd64e1e330, 0x000001fd64e1f770, 0x000001fd64e1cef0,
0x000001fd64e1de20
}

Java Threads: ( => current thread )
  0x000001fd42e30b00 JavaThread "main" [_thread_blocked, id=22268, stack(0x0000003abc800000,0x0000003abc900000)]
  0x000001fd5cc7f1c0 JavaThread "Reference Handler" daemon [_thread_blocked, id=4920, stack(0x0000003abcf00000,0x0000003abd000000)]
  0x000001fd5cc80f60 JavaThread "Finalizer" daemon [_thread_blocked, id=18228, stack(0x0000003abd000000,0x0000003abd100000)]
  0x000001fd5ccae6c0 JavaThread "Signal Dispatcher" daemon [_thread_blocked, id=13968, stack(0x0000003abd100000,0x0000003abd200000)]
  0x000001fd6102c2e0 JavaThread "Attach Listener" daemon [_thread_blocked, id=16656, stack(0x0000003abd200000,0x0000003abd300000)]
  0x000001fd6102fcd0 JavaThread "Service Thread" daemon [_thread_blocked, id=21020, stack(0x0000003abd300000,0x0000003abd400000)]
  0x000001fd610305a0 JavaThread "Monitor Deflation Thread" daemon [_thread_blocked, id=20648, stack(0x0000003abd400000,0x0000003abd500000)]
  0x000001fd61031250 JavaThread "C2 CompilerThread0" daemon [_thread_blocked, id=6716, stack(0x0000003abd500000,0x0000003abd600000)]
  0x000001fd61032420 JavaThread "C1 CompilerThread0" daemon [_thread_blocked, id=5800, stack(0x0000003abd600000,0x0000003abd700000)]
  0x000001fd61032d30 JavaThread "Sweeper thread" daemon [_thread_blocked, id=21884, stack(0x0000003abd700000,0x0000003abd800000)]
  0x000001fd611a3820 JavaThread "Common-Cleaner" daemon [_thread_blocked, id=9820, stack(0x0000003abd800000,0x0000003abd900000)]
  0x000001fd6137d410 JavaThread "JDWP Transport Listener: dt_socket" daemon [_thread_blocked, id=11584, stack(0x0000003abd900000,0x0000003abda00000)]
  0x000001fd613526b0 JavaThread "JDWP Event Helper Thread" daemon [_thread_blocked, id=4016, stack(0x0000003abda00000,0x0000003abdb00000)]
  0x000001fd61352fc0 JavaThread "JDWP Command Reader" daemon [_thread_in_native, id=11756, stack(0x0000003abdb00000,0x0000003abdc00000)]
  0x000001fd613cb7c0 JavaThread "Notification Thread" daemon [_thread_blocked, id=17768, stack(0x0000003abdc00000,0x0000003abdd00000)]
  0x000001fd631cc810 JavaThread "Daemon health stats" [_thread_blocked, id=15968, stack(0x0000003abe500000,0x0000003abe600000)]
  0x000001fd62cbbe50 JavaThread "Incoming local TCP Connector on port 57369" [_thread_in_native, id=19536, stack(0x0000003abe600000,0x0000003abe700000)]
  0x000001fd62cb9ae0 JavaThread "Daemon periodic checks" [_thread_blocked, id=6372, stack(0x0000003abe700000,0x0000003abe800000)]
  0x000001fd62cbaa10 JavaThread "Daemon" [_thread_blocked, id=2676, stack(0x0000003abe800000,0x0000003abe900000)]
  0x000001fd62cbc870 JavaThread "Handler for socket connection from /127.0.0.1:57369 to /127.0.0.1:57370" [_thread_in_native, id=21108, stack(0x0000003abe900000,0x0000003abea00000)]
  0x000001fd62cb9ff0 JavaThread "Cancel handler" [_thread_blocked, id=13488, stack(0x0000003abea00000,0x0000003abeb00000)]
  0x000001fd62cb95d0 JavaThread "Daemon worker" [_thread_blocked, id=19740, stack(0x0000003abeb00000,0x0000003abec00000)]
  0x000001fd62cbc360 JavaThread "Asynchronous log dispatcher for DefaultDaemonConnection: socket connection from /127.0.0.1:57369 to /127.0.0.1:57370" [_thread_blocked, id=13492, stack(0x0000003abec00000,0x0000003abed00000)]
  0x000001fd62cba500 JavaThread "Stdin handler" [_thread_blocked, id=4472, stack(0x0000003abed00000,0x0000003abee00000)]
  0x000001fd62cbaf20 JavaThread "Daemon client event forwarder" [_thread_blocked, id=1952, stack(0x0000003abee00000,0x0000003abef00000)]
  0x000001fd62cbb430 JavaThread "Cache worker for journal cache (C:\Users\csosa\.gradle\caches\journal-1)" [_thread_blocked, id=9956, stack(0x0000003abf000000,0x0000003abf100000)]
  0x000001fd62cbb940 JavaThread "File lock request listener" [_thread_in_native, id=3364, stack(0x0000003abf100000,0x0000003abf200000)]
  0x000001fd612deb10 JavaThread "Cache worker for file hash cache (C:\Users\csosa\.gradle\caches\8.6\fileHashes)" [_thread_blocked, id=20956, stack(0x0000003abf200000,0x0000003abf300000)]
  0x000001fd612df020 JavaThread "File watcher server" daemon [_thread_blocked, id=9224, stack(0x0000003abf300000,0x0000003abf400000)]
  0x000001fd612da940 JavaThread "File watcher consumer" daemon [_thread_blocked, id=20148, stack(0x0000003abf400000,0x0000003abf500000)]
  0x000001fd612d9500 JavaThread "Cache worker for checksums cache (C:\Users\csosa\AndroidStudioProjects\UnicdaStudentsAPP\.gradle\8.6\checksums)" [_thread_blocked, id=22312, stack(0x0000003abf500000,0x0000003abf600000)]
  0x000001fd612dfa40 JavaThread "Cache worker for file hash cache (C:\Users\csosa\AndroidStudioProjects\UnicdaStudentsAPP\.gradle\8.6\fileHashes)" [_thread_blocked, id=19720, stack(0x0000003abf600000,0x0000003abf700000)]
  0x000001fd612df530 JavaThread "Cache worker for cache directory md-supplier (C:\Users\csosa\.gradle\caches\8.6\md-supplier)" [_thread_blocked, id=1684, stack(0x0000003abf700000,0x0000003abf800000)]
  0x000001fd612dccb0 JavaThread "Cache worker for cache directory md-rule (C:\Users\csosa\.gradle\caches\8.6\md-rule)" [_thread_blocked, id=22072, stack(0x0000003abf800000,0x0000003abf900000)]
  0x000001fd612dff50 JavaThread "Cache worker for file content cache (C:\Users\csosa\.gradle\caches\8.6\fileContent)" [_thread_blocked, id=15392, stack(0x0000003abf900000,0x0000003abfa00000)]
  0x000001fd612dc7a0 JavaThread "jar transforms" [_thread_blocked, id=22304, stack(0x0000003abfa00000,0x0000003abfb00000)]
  0x000001fd612e0460 JavaThread "jar transforms Thread 2" [_thread_blocked, id=19712, stack(0x0000003abfb00000,0x0000003abfc00000)]
  0x000001fd612dc290 JavaThread "jar transforms Thread 3" [_thread_blocked, id=7556, stack(0x0000003abfd00000,0x0000003abfe00000)]
  0x000001fd612dbd80 JavaThread "Unconstrained build operations" [_thread_blocked, id=19420, stack(0x0000003abff00000,0x0000003ac0000000)]
  0x000001fd612dd6d0 JavaThread "jar transforms Thread 4" [_thread_blocked, id=22404, stack(0x0000003ac0000000,0x0000003ac0100000)]
  0x000001fd612dd1c0 JavaThread "jar transforms Thread 5" [_thread_blocked, id=18756, stack(0x0000003ac0100000,0x0000003ac0200000)]
  0x000001fd612da430 JavaThread "jar transforms Thread 6" [_thread_blocked, id=3156, stack(0x0000003ac0200000,0x0000003ac0300000)]
  0x000001fd612d9a10 JavaThread "jar transforms Thread 7" [_thread_blocked, id=20092, stack(0x0000003abfe00000,0x0000003abff00000)]
  0x000001fd612ddbe0 JavaThread "jar transforms Thread 8" [_thread_blocked, id=3520, stack(0x0000003ac0300000,0x0000003ac0400000)]
  0x000001fd612de0f0 JavaThread "Cache worker for Build Output Cleanup Cache (C:\Users\csosa\AndroidStudioProjects\UnicdaStudentsAPP\.gradle\buildOutputCleanup)" [_thread_blocked, id=16820, stack(0x0000003ac0400000,0x0000003ac0500000)]
  0x000001fd612db870 JavaThread "Unconstrained build operations Thread 2" [_thread_blocked, id=22452, stack(0x0000003ac0500000,0x0000003ac0600000)]
  0x000001fd62cb90c0 JavaThread "Unconstrained build operations Thread 3" [_thread_blocked, id=8448, stack(0x0000003ac0600000,0x0000003ac0700000)]
  0x000001fd6861e750 JavaThread "Unconstrained build operations Thread 4" [_thread_blocked, id=9376, stack(0x0000003ac0700000,0x0000003ac0800000)]
  0x000001fd6861d820 JavaThread "Unconstrained build operations Thread 5" [_thread_blocked, id=10740, stack(0x0000003ac0800000,0x0000003ac0900000)]
  0x000001fd6861ec60 JavaThread "Unconstrained build operations Thread 6" [_thread_blocked, id=10788, stack(0x0000003ac0900000,0x0000003ac0a00000)]
  0x000001fd686205b0 JavaThread "Unconstrained build operations Thread 7" [_thread_blocked, id=19916, stack(0x0000003ac0a00000,0x0000003ac0b00000)]
  0x000001fd6861dd30 JavaThread "Unconstrained build operations Thread 8" [_thread_blocked, id=9704, stack(0x0000003ac0b00000,0x0000003ac0c00000)]
  0x000001fd6861e240 JavaThread "build event listener" [_thread_blocked, id=2708, stack(0x0000003abfc00000,0x0000003abfd00000)]
  0x000001fd68623850 JavaThread "Memory manager" [_thread_blocked, id=22428, stack(0x0000003ac0d00000,0x0000003ac0e00000)]
  0x000001fd68620fd0 JavaThread "build event listener" [_thread_blocked, id=19860, stack(0x0000003ac0e00000,0x0000003ac0f00000)]
  0x000001fd6861d310 JavaThread "included builds" [_thread_blocked, id=2036, stack(0x0000003ac1100000,0x0000003ac1200000)]
  0x000001fd612d9f20 JavaThread "Execution worker" [_thread_blocked, id=20748, stack(0x0000003ac1200000,0x0000003ac1300000)]
  0x000001fd6f6a6080 JavaThread "Execution worker Thread 2" [_thread_blocked, id=11604, stack(0x0000003ac1300000,0x0000003ac1400000)]
  0x000001fd6f6a6fb0 JavaThread "Execution worker Thread 3" [_thread_blocked, id=6684, stack(0x0000003ac1400000,0x0000003ac1500000)]
  0x000001fd6f6a83f0 JavaThread "Execution worker Thread 4" [_thread_blocked, id=2312, stack(0x0000003ac1500000,0x0000003ac1600000)]
  0x000001fd6f6a19a0 JavaThread "Execution worker Thread 5" [_thread_blocked, id=20540, stack(0x0000003ac1600000,0x0000003ac1700000)]
  0x000001fd6f6a1eb0 JavaThread "Execution worker Thread 6" [_thread_blocked, id=9456, stack(0x0000003ac1700000,0x0000003ac1800000)]
  0x000001fd6f6a3800 JavaThread "Execution worker Thread 7" [_thread_blocked, id=21512, stack(0x0000003ac1800000,0x0000003ac1900000)]
  0x000001fd6f6a5b70 JavaThread "Cache worker for execution history cache (C:\Users\csosa\AndroidStudioProjects\UnicdaStudentsAPP\.gradle\8.6\executionHistory)" [_thread_blocked, id=5600, stack(0x0000003ac1900000,0x0000003ac1a00000)]
  0x000001fd6f6a4c40 JavaThread "Unconstrained build operations Thread 9" [_thread_blocked, id=8760, stack(0x0000003ac1a00000,0x0000003ac1b00000)]
  0x000001fd6f6a1490 JavaThread "Unconstrained build operations Thread 10" [_thread_blocked, id=21804, stack(0x0000003ac1b00000,0x0000003ac1c00000)]
  0x000001fd6f6a4730 JavaThread "Unconstrained build operations Thread 11" [_thread_blocked, id=20520, stack(0x0000003ac1c00000,0x0000003ac1d00000)]
  0x000001fd6f6a5150 JavaThread "Unconstrained build operations Thread 12" [_thread_blocked, id=10248, stack(0x0000003ac1d00000,0x0000003ac1e00000)]
  0x000001fd6f6a6590 JavaThread "Unconstrained build operations Thread 13" [_thread_blocked, id=12032, stack(0x0000003ac1e00000,0x0000003ac1f00000)]
  0x000001fd6f6a28d0 JavaThread "Unconstrained build operations Thread 14" [_thread_blocked, id=22456, stack(0x0000003ac1f00000,0x0000003ac2000000)]
  0x000001fd6f6a74c0 JavaThread "Unconstrained build operations Thread 15" [_thread_blocked, id=12268, stack(0x0000003ac2000000,0x0000003ac2100000)]
  0x000001fd6f6a3d10 JavaThread "Unconstrained build operations Thread 16" [_thread_blocked, id=21716, stack(0x0000003ac2100000,0x0000003ac2200000)]
  0x000001fd6f6a32f0 JavaThread "Unconstrained build operations Thread 17" [_thread_blocked, id=11120, stack(0x0000003ac2200000,0x0000003ac2300000)]
  0x000001fd6f6a79d0 JavaThread "Unconstrained build operations Thread 18" [_thread_blocked, id=17032, stack(0x0000003ac2300000,0x0000003ac2400000)]
  0x000001fd6f6a4220 JavaThread "Unconstrained build operations Thread 19" [_thread_blocked, id=20464, stack(0x0000003ac2400000,0x0000003ac2500000)]
  0x000001fd6f6a8e10 JavaThread "Unconstrained build operations Thread 20" [_thread_blocked, id=16652, stack(0x0000003ac2500000,0x0000003ac2600000)]
  0x000001fd6f6a7ee0 JavaThread "Unconstrained build operations Thread 21" [_thread_blocked, id=19560, stack(0x0000003ac2600000,0x0000003ac2700000)]
  0x000001fd6f6a23c0 JavaThread "Unconstrained build operations Thread 22" [_thread_blocked, id=16020, stack(0x0000003ac2700000,0x0000003ac2800000)]
  0x000001fd6760b220 JavaThread "WorkerExecutor Queue" [_thread_blocked, id=19604, stack(0x0000003ac2800000,0x0000003ac2900000)]
  0x000001fd6760c660 JavaThread "Unconstrained build operations Thread 23" [_thread_blocked, id=3524, stack(0x0000003ac2900000,0x0000003ac2a00000)]
  0x000001fd6760a2f0 JavaThread "Unconstrained build operations Thread 24" [_thread_blocked, id=20332, stack(0x0000003ac2a00000,0x0000003ac2b00000)]
  0x000001fd6760b730 JavaThread "Unconstrained build operations Thread 25" [_thread_blocked, id=20180, stack(0x0000003ac2b00000,0x0000003ac2c00000)]
  0x000001fd67608eb0 JavaThread "Unconstrained build operations Thread 26" [_thread_blocked, id=20388, stack(0x0000003ac2c00000,0x0000003ac2d00000)]
  0x000001fd6760bc40 JavaThread "Unconstrained build operations Thread 27" [_thread_blocked, id=10040, stack(0x0000003ac2d00000,0x0000003ac2e00000)]
  0x000001fd676093c0 JavaThread "Unconstrained build operations Thread 28" [_thread_blocked, id=21788, stack(0x0000003ac2e00000,0x0000003ac2f00000)]
  0x000001fd676098d0 JavaThread "Unconstrained build operations Thread 29" [_thread_blocked, id=22388, stack(0x0000003ac2f00000,0x0000003ac3000000)]
  0x000001fd6760ad10 JavaThread "WorkerExecutor Queue Thread 3" [_thread_blocked, id=2272, stack(0x0000003ac3500000,0x0000003ac3600000)]
  0x000001fd686219f0 JavaThread "WorkerExecutor Queue Thread 4" [_thread_blocked, id=5796, stack(0x0000003ac3600000,0x0000003ac3700000)]
  0x000001fd686200a0 JavaThread "WorkerExecutor Queue Thread 5" [_thread_blocked, id=21668, stack(0x0000003ac3700000,0x0000003ac3800000)]
  0x000001fd675593a0 JavaThread "WorkerExecutor Queue Thread 7" [_thread_blocked, id=3784, stack(0x0000003ac3900000,0x0000003ac3a00000)]
  0x000001fd67559dc0 JavaThread "WorkerExecutor Queue Thread 8" [_thread_blocked, id=20680, stack(0x0000003ac3a00000,0x0000003ac3b00000)]
  0x000001fd67557f60 JavaThread "Unconstrained build operations Thread 30" [_thread_blocked, id=19636, stack(0x0000003ac3b00000,0x0000003ac3c00000)]
  0x000001fd67558e90 JavaThread "Unconstrained build operations Thread 31" [_thread_blocked, id=21772, stack(0x0000003ac3c00000,0x0000003ac3d00000)]
  0x000001fd6755a2d0 JavaThread "Unconstrained build operations Thread 32" [_thread_blocked, id=10672, stack(0x0000003ac3d00000,0x0000003ac3e00000)]
  0x000001fd6755a7e0 JavaThread "Unconstrained build operations Thread 33" [_thread_blocked, id=5044, stack(0x0000003ac3e00000,0x0000003ac3f00000)]
  0x000001fd6755acf0 JavaThread "Unconstrained build operations Thread 34" [_thread_blocked, id=14096, stack(0x0000003ac3f00000,0x0000003ac4000000)]
  0x000001fd6755b200 JavaThread "Unconstrained build operations Thread 35" [_thread_blocked, id=11552, stack(0x0000003ac4000000,0x0000003ac4100000)]
  0x000001fd67557a50 JavaThread "Unconstrained build operations Thread 36" [_thread_blocked, id=4752, stack(0x0000003ac4100000,0x0000003ac4200000)]
  0x000001fd67558470 JavaThread "Unconstrained build operations Thread 37" [_thread_blocked, id=5396, stack(0x0000003ac4200000,0x0000003ac4300000)]
  0x000001fd6486eb80 JavaThread "Unconstrained build operations Thread 38" [_thread_blocked, id=9048, stack(0x0000003ac4300000,0x0000003ac4400000)]
  0x000001fd648709e0 JavaThread "Unconstrained build operations Thread 39" [_thread_blocked, id=2000, stack(0x0000003ac4400000,0x0000003ac4500000)]
  0x000001fd6486f5a0 JavaThread "Unconstrained build operations Thread 40" [_thread_blocked, id=9212, stack(0x0000003ac4500000,0x0000003ac4600000)]
  0x000001fd6486d740 JavaThread "Unconstrained build operations Thread 41" [_thread_blocked, id=4636, stack(0x0000003ac4600000,0x0000003ac4700000)]
  0x000001fd6486b3d0 JavaThread "Unconstrained build operations Thread 42" [_thread_blocked, id=20812, stack(0x0000003ac4700000,0x0000003ac4800000)]
  0x000001fd6486e160 JavaThread "Unconstrained build operations Thread 43" [_thread_blocked, id=21200, stack(0x0000003ac4800000,0x0000003ac4900000)]
  0x000001fd6486bdf0 JavaThread "Unconstrained build operations Thread 44" [_thread_blocked, id=3040, stack(0x0000003ac4900000,0x0000003ac4a00000)]
  0x000001fd6486fab0 JavaThread "Unconstrained build operations Thread 45" [_thread_blocked, id=21708, stack(0x0000003ac4a00000,0x0000003ac4b00000)]
  0x000001fd6486c810 JavaThread "Unconstrained build operations Thread 46" [_thread_blocked, id=20380, stack(0x0000003ac4b00000,0x0000003ac4c00000)]
  0x000001fd6486e670 JavaThread "Unconstrained build operations Thread 47" [_thread_blocked, id=2740, stack(0x0000003ac4c00000,0x0000003ac4d00000)]
  0x000001fd6486ffc0 JavaThread "Unconstrained build operations Thread 48" [_thread_blocked, id=21212, stack(0x0000003ac4d00000,0x0000003ac4e00000)]
  0x000001fd6486a4a0 JavaThread "Unconstrained build operations Thread 49" [_thread_blocked, id=22272, stack(0x0000003ac4e00000,0x0000003ac4f00000)]
  0x000001fd6486dc50 JavaThread "Unconstrained build operations Thread 50" [_thread_blocked, id=21768, stack(0x0000003ac4f00000,0x0000003ac5000000)]
  0x000001fd648704d0 JavaThread "Unconstrained build operations Thread 51" [_thread_blocked, id=20284, stack(0x0000003ac5000000,0x0000003ac5100000)]
  0x000001fd6486c300 JavaThread "Unconstrained build operations Thread 52" [_thread_blocked, id=1736, stack(0x0000003ac5100000,0x0000003ac5200000)]
  0x000001fd64871400 JavaThread "Unconstrained build operations Thread 53" [_thread_blocked, id=13332, stack(0x0000003ac5200000,0x0000003ac5300000)]
  0x000001fd64871910 JavaThread "Unconstrained build operations Thread 54" [_thread_blocked, id=21340, stack(0x0000003ac5300000,0x0000003ac5400000)]
  0x000001fd64871e20 JavaThread "Unconstrained build operations Thread 55" [_thread_blocked, id=19812, stack(0x0000003ac5400000,0x0000003ac5500000)]
  0x000001fd6486a9b0 JavaThread "Unconstrained build operations Thread 56" [_thread_blocked, id=18728, stack(0x0000003ac5500000,0x0000003ac5600000)]
  0x000001fd6486aec0 JavaThread "Unconstrained build operations Thread 57" [_thread_blocked, id=13768, stack(0x0000003ac5600000,0x0000003ac5700000)]
  0x000001fd6486cd20 JavaThread "Unconstrained build operations Thread 58" [_thread_blocked, id=5488, stack(0x0000003ac5700000,0x0000003ac5800000)]
  0x000001fd6486d230 JavaThread "Unconstrained build operations Thread 59" [_thread_blocked, id=18328, stack(0x0000003ac5800000,0x0000003ac5900000)]
  0x000001fd67c5ab90 JavaThread "Unconstrained build operations Thread 60" [_thread_blocked, id=20476, stack(0x0000003ac5900000,0x0000003ac5a00000)]
  0x000001fd67c5d410 JavaThread "Unconstrained build operations Thread 61" [_thread_blocked, id=22484, stack(0x0000003ac5a00000,0x0000003ac5b00000)]
  0x000001fd67c58310 JavaThread "Unconstrained build operations Thread 62" [_thread_blocked, id=21408, stack(0x0000003ac5b00000,0x0000003ac5c00000)]
  0x000001fd67c5ed60 JavaThread "Unconstrained build operations Thread 63" [_thread_blocked, id=12432, stack(0x0000003ac5c00000,0x0000003ac5d00000)]
  0x000001fd67c5de30 JavaThread "Unconstrained build operations Thread 64" [_thread_blocked, id=8232, stack(0x0000003ac5d00000,0x0000003ac5e00000)]
  0x000001fd67c5bfd0 JavaThread "Unconstrained build operations Thread 65" [_thread_blocked, id=7196, stack(0x0000003ac5e00000,0x0000003ac5f00000)]
  0x000001fd67c5cf00 JavaThread "WorkerExecutor Queue Thread 9" [_thread_blocked, id=16524, stack(0x0000003ac5f00000,0x0000003ac6000000)]
  0x000001fd67c58820 JavaThread "Unconstrained build operations Thread 66" [_thread_blocked, id=18332, stack(0x0000003ac6000000,0x0000003ac6100000)]
  0x000001fd67c57e00 JavaThread "Unconstrained build operations Thread 67" [_thread_blocked, id=14568, stack(0x0000003ac6100000,0x0000003ac6200000)]
  0x000001fd67c5a170 JavaThread "Unconstrained build operations Thread 68" [_thread_blocked, id=4940, stack(0x0000003ac6200000,0x0000003ac6300000)]
  0x000001fd67c5bac0 JavaThread "Unconstrained build operations Thread 69" [_thread_blocked, id=4876, stack(0x0000003ac6300000,0x0000003ac6400000)]
  0x000001fd67c59c60 JavaThread "Unconstrained build operations Thread 70" [_thread_blocked, id=19492, stack(0x0000003ac6400000,0x0000003ac6500000)]
  0x000001fd67c58d30 JavaThread "Unconstrained build operations Thread 71" [_thread_blocked, id=4848, stack(0x0000003ac6500000,0x0000003ac6600000)]
  0x000001fd67c5e850 JavaThread "Unconstrained build operations Thread 72" [_thread_blocked, id=20668, stack(0x0000003ac6600000,0x0000003ac6700000)]
  0x000001fd65005620 JavaThread "C2 CompilerThread1" daemon [_thread_in_native, id=2488, stack(0x0000003ac6700000,0x0000003ac6800000)]
  0x000001fd67c5f270 JavaThread "Unconstrained build operations Thread 73" [_thread_blocked, id=14616, stack(0x0000003ac6800000,0x0000003ac6900000)]
  0x000001fd67c5a680 JavaThread "Unconstrained build operations Thread 74" [_thread_blocked, id=19068, stack(0x0000003ac6900000,0x0000003ac6a00000)]
  0x000001fd67c59240 JavaThread "Unconstrained build operations Thread 75" [_thread_blocked, id=21612, stack(0x0000003ac6a00000,0x0000003ac6b00000)]
  0x000001fd67c5c4e0 JavaThread "Unconstrained build operations Thread 76" [_thread_blocked, id=21548, stack(0x0000003ac6b00000,0x0000003ac6c00000)]
  0x000001fd67c5f780 JavaThread "Unconstrained build operations Thread 77" [_thread_blocked, id=3272, stack(0x0000003ac6c00000,0x0000003ac6d00000)]
  0x000001fd67c59750 JavaThread "Unconstrained build operations Thread 78" [_thread_blocked, id=12344, stack(0x0000003ac6d00000,0x0000003ac6e00000)]
  0x000001fd67c5b0a0 JavaThread "Unconstrained build operations Thread 79" [_thread_blocked, id=21240, stack(0x0000003ac6e00000,0x0000003ac6f00000)]
  0x000001fd6760a800 JavaThread "WorkerExecutor Queue Thread 10" [_thread_blocked, id=8040, stack(0x0000003ac3400000,0x0000003ac3500000)]
  0x000001fd64e1f260 JavaThread "Unconstrained build operations Thread 80" [_thread_blocked, id=8212, stack(0x0000003ac6f00000,0x0000003ac7000000)]
  0x000001fd64e1ed50 JavaThread "ForkJoinPool-1-worker-1" daemon [_thread_blocked, id=12568, stack(0x0000003ac3800000,0x0000003ac3900000)]
  0x000001fd64e1b5a0 JavaThread "ForkJoinPool-1-worker-2" daemon [_thread_blocked, id=14528, stack(0x0000003ac7000000,0x0000003ac7100000)]
  0x000001fd64e210c0 JavaThread "ForkJoinPool-1-worker-3" daemon [_thread_blocked, id=21764, stack(0x0000003ac7100000,0x0000003ac7200000)]
  0x000001fd64e1c9e0 JavaThread "ForkJoinPool-1-worker-4" daemon [_thread_blocked, id=21904, stack(0x0000003ac7200000,0x0000003ac7300000)]
  0x000001fd64e1e330 JavaThread "ForkJoinPool-1-worker-5" daemon [_thread_blocked, id=11172, stack(0x0000003ac7300000,0x0000003ac7400000)]
  0x000001fd64e1f770 JavaThread "ForkJoinPool-1-worker-6" daemon [_thread_blocked, id=21456, stack(0x0000003ac7400000,0x0000003ac7500000)]
  0x000001fd64e1cef0 JavaThread "ForkJoinPool-1-worker-7" daemon [_thread_blocked, id=18892, stack(0x0000003ac7500000,0x0000003ac7600000)]
  0x000001fd64e1de20 JavaThread "ForkJoinPool-1-worker-8" daemon [_thread_blocked, id=10332, stack(0x0000003ac7600000,0x0000003ac7700000)]

Other Threads:
=>0x000001fd5cc7dc80 VMThread "VM Thread" [stack: 0x0000003abce00000,0x0000003abcf00000] [id=19216]
  0x000001fd613cccd0 WatcherThread [stack: 0x0000003abdd00000,0x0000003abde00000] [id=20016]
  0x000001fd42e8b880 GCTaskThread "GC Thread#0" [stack: 0x0000003abc900000,0x0000003abca00000] [id=8004]
  0x000001fd620a57c0 GCTaskThread "GC Thread#1" [stack: 0x0000003abde00000,0x0000003abdf00000] [id=3256]
  0x000001fd6207a520 GCTaskThread "GC Thread#2" [stack: 0x0000003abdf00000,0x0000003abe000000] [id=22376]
  0x000001fd6207a7e0 GCTaskThread "GC Thread#3" [stack: 0x0000003abe000000,0x0000003abe100000] [id=14684]
  0x000001fd624fcdf0 GCTaskThread "GC Thread#4" [stack: 0x0000003abe100000,0x0000003abe200000] [id=14780]
  0x000001fd624fd0b0 GCTaskThread "GC Thread#5" [stack: 0x0000003abe200000,0x0000003abe300000] [id=8292]
  0x000001fd624fd370 GCTaskThread "GC Thread#6" [stack: 0x0000003abe300000,0x0000003abe400000] [id=3640]
  0x000001fd61f8a060 GCTaskThread "GC Thread#7" [stack: 0x0000003abe400000,0x0000003abe500000] [id=20604]
  0x000001fd42e9c6e0 ConcurrentGCThread "G1 Main Marker" [stack: 0x0000003abca00000,0x0000003abcb00000] [id=12692]
  0x000001fd42e9d010 ConcurrentGCThread "G1 Conc#0" [stack: 0x0000003abcb00000,0x0000003abcc00000] [id=21656]
  0x000001fd634160a0 ConcurrentGCThread "G1 Conc#1" [stack: 0x0000003abef00000,0x0000003abf000000] [id=9356]
  0x000001fd42ede840 ConcurrentGCThread "G1 Refine#0" [stack: 0x0000003abcc00000,0x0000003abcd00000] [id=4336]
  0x000001fd67c79930 ConcurrentGCThread "G1 Refine#1" [stack: 0x0000003abc500000,0x0000003abc600000] [id=20608]
  0x000001fd67c7a200 ConcurrentGCThread "G1 Refine#2" [stack: 0x0000003abc600000,0x0000003abc700000] [id=7240]
  0x000001fd67c7c830 ConcurrentGCThread "G1 Refine#3" [stack: 0x0000003abc700000,0x0000003abc800000] [id=9656]
  0x000001fd67c7b3a0 ConcurrentGCThread "G1 Refine#4" [stack: 0x0000003ac1000000,0x0000003ac1100000] [id=10888]
  0x000001fd67c7b980 ConcurrentGCThread "G1 Refine#5" [stack: 0x0000003ac3000000,0x0000003ac3100000] [id=21112]
  0x000001fd67c7cb20 ConcurrentGCThread "G1 Refine#6" [stack: 0x0000003ac3100000,0x0000003ac3200000] [id=10924]
  0x000001fd67c7b690 ConcurrentGCThread "G1 Refine#7" [stack: 0x0000003ac3200000,0x0000003ac3300000] [id=19220]
  0x000001fd5cae5740 ConcurrentGCThread "G1 Service" [stack: 0x0000003abcd00000,0x0000003abce00000] [id=2564]

Threads with active compile tasks:
C2 CompilerThread0    80548 20408       4       java.lang.Long::parseLong (272 bytes)
C2 CompilerThread1    80548 20393 %     4       com.android.ide.common.resources.ValueResourceParser2::parseFile @ 90 (208 bytes)

VM state: at safepoint (normal execution)

VM Mutex/Monitor currently owned by a thread:  ([mutex/lock_event])
[0x000001fd42e2cdf0] Threads_lock - owner thread: 0x000001fd5cc7dc80
[0x000001fd42e2bf50] Heap_lock - owner thread: 0x000001fd64e1c9e0

Heap address: 0x0000000080000000, size: 2048 MB, Compressed Oops mode: 32-bit

CDS archive(s) not mapped
Compressed class space mapped at: 0x0000000100000000-0x0000000140000000, reserved size: 1073741824
Narrow klass base: 0x0000000000000000, Narrow klass shift: 3, Narrow klass range: 0x140000000

GC Precious Log:
 CPUs: 8 total, 8 available
 Memory: 6020M
 Large Page Support: Disabled
 NUMA Support: Disabled
 Compressed Oops: Enabled (32-bit)
 Heap Region Size: 1M
 Heap Min Capacity: 8M
 Heap Initial Capacity: 96M
 Heap Max Capacity: 2G
 Pre-touch: Disabled
 Parallel Workers: 8
 Concurrent Workers: 2
 Concurrent Refinement Workers: 8
 Periodic GC: Disabled

Heap:
 garbage-first heap   total 444416K, used 323583K [0x0000000080000000, 0x0000000100000000)
  region size 1024K, 6 young (6144K), 6 survivors (6144K)
 Metaspace       used 136878K, committed 137920K, reserved 1179648K
  class space    used 18130K, committed 18624K, reserved 1048576K

Heap Regions: E=young(eden), S=young(survivor), O=old, HS=humongous(starts), HC=humongous(continues), CS=collection set, F=free, OA=open archive, CA=closed archive, TAMS=top-at-mark-start (previous, next)
|   0|0x0000000080000000, 0x0000000080100000, 0x0000000080100000|100%|HS|  |TAMS 0x0000000080100000, 0x0000000080100000| Complete 
|   1|0x0000000080100000, 0x0000000080200000, 0x0000000080200000|100%|HC|  |TAMS 0x0000000080200000, 0x0000000080200000| Complete 
|   2|0x0000000080200000, 0x0000000080300000, 0x0000000080300000|100%|HC|  |TAMS 0x0000000080300000, 0x0000000080300000| Complete 
|   3|0x0000000080300000, 0x0000000080400000, 0x0000000080400000|100%|HC|  |TAMS 0x0000000080400000, 0x0000000080400000| Complete 
|   4|0x0000000080400000, 0x0000000080500000, 0x0000000080500000|100%| O|  |TAMS 0x0000000080500000, 0x0000000080500000| Untracked 
|   5|0x0000000080500000, 0x0000000080600000, 0x0000000080600000|100%| O|  |TAMS 0x0000000080600000, 0x0000000080600000| Untracked 
|   6|0x0000000080600000, 0x0000000080700000, 0x0000000080700000|100%| O|  |TAMS 0x0000000080700000, 0x0000000080700000| Untracked 
|   7|0x0000000080700000, 0x0000000080800000, 0x0000000080800000|100%| O|  |TAMS 0x0000000080800000, 0x0000000080800000| Untracked 
|   8|0x0000000080800000, 0x0000000080900000, 0x0000000080900000|100%| O|  |TAMS 0x0000000080900000, 0x0000000080900000| Untracked 
|   9|0x0000000080900000, 0x0000000080a00000, 0x0000000080a00000|100%| O|  |TAMS 0x0000000080a00000, 0x0000000080a00000| Untracked 
|  10|0x0000000080a00000, 0x0000000080b00000, 0x0000000080b00000|100%| O|  |TAMS 0x0000000080b00000, 0x0000000080b00000| Untracked 
|  11|0x0000000080b00000, 0x0000000080c00000, 0x0000000080c00000|100%| O|  |TAMS 0x0000000080c00000, 0x0000000080c00000| Untracked 
|  12|0x0000000080c00000, 0x0000000080d00000, 0x0000000080d00000|100%|HS|  |TAMS 0x0000000080d00000, 0x0000000080d00000| Complete 
|  13|0x0000000080d00000, 0x0000000080e00000, 0x0000000080e00000|100%| O|  |TAMS 0x0000000080e00000, 0x0000000080e00000| Untracked 
|  14|0x0000000080e00000, 0x0000000080f00000, 0x0000000080f00000|100%| O|  |TAMS 0x0000000080f00000, 0x0000000080f00000| Untracked 
|  15|0x0000000080f00000, 0x0000000081000000, 0x0000000081000000|100%| O|  |TAMS 0x0000000081000000, 0x0000000081000000| Untracked 
|  16|0x0000000081000000, 0x0000000081100000, 0x0000000081100000|100%| O|  |TAMS 0x0000000081100000, 0x0000000081100000| Untracked 
|  17|0x0000000081100000, 0x0000000081200000, 0x0000000081200000|100%| O|  |TAMS 0x0000000081200000, 0x0000000081200000| Untracked 
|  18|0x0000000081200000, 0x0000000081300000, 0x0000000081300000|100%| O|  |TAMS 0x0000000081300000, 0x0000000081300000| Untracked 
|  19|0x0000000081300000, 0x0000000081400000, 0x0000000081400000|100%| O|  |TAMS 0x0000000081400000, 0x0000000081400000| Untracked 
|  20|0x0000000081400000, 0x0000000081500000, 0x0000000081500000|100%| O|  |TAMS 0x0000000081500000, 0x0000000081500000| Untracked 
|  21|0x0000000081500000, 0x0000000081600000, 0x0000000081600000|100%| O|  |TAMS 0x0000000081600000, 0x0000000081600000| Untracked 
|  22|0x0000000081600000, 0x0000000081700000, 0x0000000081700000|100%| O|  |TAMS 0x0000000081700000, 0x0000000081700000| Untracked 
|  23|0x0000000081700000, 0x0000000081800000, 0x0000000081800000|100%| O|  |TAMS 0x0000000081800000, 0x0000000081800000| Untracked 
|  24|0x0000000081800000, 0x0000000081900000, 0x0000000081900000|100%| O|  |TAMS 0x0000000081900000, 0x0000000081900000| Untracked 
|  25|0x0000000081900000, 0x0000000081a00000, 0x0000000081a00000|100%| O|  |TAMS 0x0000000081a00000, 0x0000000081a00000| Untracked 
|  26|0x0000000081a00000, 0x0000000081b00000, 0x0000000081b00000|100%| O|  |TAMS 0x0000000081b00000, 0x0000000081b00000| Untracked 
|  27|0x0000000081b00000, 0x0000000081c00000, 0x0000000081c00000|100%| O|  |TAMS 0x0000000081c00000, 0x0000000081c00000| Untracked 
|  28|0x0000000081c00000, 0x0000000081d00000, 0x0000000081d00000|100%| O|  |TAMS 0x0000000081d00000, 0x0000000081d00000| Untracked 
|  29|0x0000000081d00000, 0x0000000081e00000, 0x0000000081e00000|100%| O|  |TAMS 0x0000000081e00000, 0x0000000081e00000| Untracked 
|  30|0x0000000081e00000, 0x0000000081f00000, 0x0000000081f00000|100%| O|  |TAMS 0x0000000081f00000, 0x0000000081f00000| Untracked 
|  31|0x0000000081f00000, 0x0000000082000000, 0x0000000082000000|100%| O|  |TAMS 0x0000000082000000, 0x0000000082000000| Untracked 
|  32|0x0000000082000000, 0x0000000082100000, 0x0000000082100000|100%| O|  |TAMS 0x0000000082100000, 0x0000000082100000| Untracked 
|  33|0x0000000082100000, 0x0000000082200000, 0x0000000082200000|100%| O|  |TAMS 0x0000000082200000, 0x0000000082200000| Untracked 
|  34|0x0000000082200000, 0x0000000082300000, 0x0000000082300000|100%| O|  |TAMS 0x0000000082300000, 0x0000000082300000| Untracked 
|  35|0x0000000082300000, 0x0000000082400000, 0x0000000082400000|100%| O|  |TAMS 0x0000000082400000, 0x0000000082400000| Untracked 
|  36|0x0000000082400000, 0x0000000082500000, 0x0000000082500000|100%| O|  |TAMS 0x0000000082500000, 0x0000000082500000| Untracked 
|  37|0x0000000082500000, 0x0000000082600000, 0x0000000082600000|100%| O|  |TAMS 0x0000000082600000, 0x0000000082600000| Untracked 
|  38|0x0000000082600000, 0x0000000082700000, 0x0000000082700000|100%| O|  |TAMS 0x0000000082700000, 0x0000000082700000| Untracked 
|  39|0x0000000082700000, 0x0000000082800000, 0x0000000082800000|100%| O|  |TAMS 0x0000000082800000, 0x0000000082800000| Untracked 
|  40|0x0000000082800000, 0x0000000082900000, 0x0000000082900000|100%| O|  |TAMS 0x0000000082900000, 0x0000000082900000| Untracked 
|  41|0x0000000082900000, 0x0000000082a00000, 0x0000000082a00000|100%| O|  |TAMS 0x0000000082a00000, 0x0000000082a00000| Untracked 
|  42|0x0000000082a00000, 0x0000000082b00000, 0x0000000082b00000|100%| O|  |TAMS 0x0000000082b00000, 0x0000000082b00000| Untracked 
|  43|0x0000000082b00000, 0x0000000082c00000, 0x0000000082c00000|100%| O|  |TAMS 0x0000000082c00000, 0x0000000082c00000| Untracked 
|  44|0x0000000082c00000, 0x0000000082d00000, 0x0000000082d00000|100%| O|  |TAMS 0x0000000082d00000, 0x0000000082d00000| Untracked 
|  45|0x0000000082d00000, 0x0000000082e00000, 0x0000000082e00000|100%| O|  |TAMS 0x0000000082e00000, 0x0000000082e00000| Untracked 
|  46|0x0000000082e00000, 0x0000000082f00000, 0x0000000082f00000|100%| O|  |TAMS 0x0000000082f00000, 0x0000000082f00000| Untracked 
|  47|0x0000000082f00000, 0x0000000083000000, 0x0000000083000000|100%|HS|  |TAMS 0x0000000083000000, 0x0000000083000000| Complete 
|  48|0x0000000083000000, 0x0000000083100000, 0x0000000083100000|100%|HS|  |TAMS 0x0000000083100000, 0x0000000083100000| Complete 
|  49|0x0000000083100000, 0x0000000083200000, 0x0000000083200000|100%| O|  |TAMS 0x0000000083200000, 0x0000000083200000| Untracked 
|  50|0x0000000083200000, 0x0000000083300000, 0x0000000083300000|100%| O|  |TAMS 0x0000000083300000, 0x0000000083300000| Untracked 
|  51|0x0000000083300000, 0x0000000083400000, 0x0000000083400000|100%| O|  |TAMS 0x0000000083400000, 0x0000000083400000| Untracked 
|  52|0x0000000083400000, 0x0000000083500000, 0x0000000083500000|100%| O|  |TAMS 0x0000000083500000, 0x0000000083500000| Untracked 
|  53|0x0000000083500000, 0x0000000083600000, 0x0000000083600000|100%| O|  |TAMS 0x0000000083600000, 0x0000000083600000| Untracked 
|  54|0x0000000083600000, 0x0000000083700000, 0x0000000083700000|100%| O|  |TAMS 0x0000000083700000, 0x0000000083700000| Untracked 
|  55|0x0000000083700000, 0x0000000083800000, 0x0000000083800000|100%| O|  |TAMS 0x0000000083800000, 0x0000000083800000| Untracked 
|  56|0x0000000083800000, 0x0000000083900000, 0x0000000083900000|100%| O|  |TAMS 0x0000000083900000, 0x0000000083900000| Untracked 
|  57|0x0000000083900000, 0x0000000083a00000, 0x0000000083a00000|100%| O|  |TAMS 0x0000000083a00000, 0x0000000083a00000| Untracked 
|  58|0x0000000083a00000, 0x0000000083b00000, 0x0000000083b00000|100%| O|  |TAMS 0x0000000083b00000, 0x0000000083b00000| Untracked 
|  59|0x0000000083b00000, 0x0000000083c00000, 0x0000000083c00000|100%| O|  |TAMS 0x0000000083c00000, 0x0000000083c00000| Untracked 
|  60|0x0000000083c00000, 0x0000000083d00000, 0x0000000083d00000|100%| O|  |TAMS 0x0000000083d00000, 0x0000000083d00000| Untracked 
|  61|0x0000000083d00000, 0x0000000083e00000, 0x0000000083e00000|100%| O|  |TAMS 0x0000000083e00000, 0x0000000083e00000| Untracked 
|  62|0x0000000083e00000, 0x0000000083f00000, 0x0000000083f00000|100%| O|  |TAMS 0x0000000083f00000, 0x0000000083f00000| Untracked 
|  63|0x0000000083f00000, 0x0000000084000000, 0x0000000084000000|100%|HS|  |TAMS 0x0000000084000000, 0x0000000084000000| Complete 
|  64|0x0000000084000000, 0x0000000084100000, 0x0000000084100000|100%|HC|  |TAMS 0x0000000084100000, 0x0000000084100000| Complete 
|  65|0x0000000084100000, 0x0000000084200000, 0x0000000084200000|100%|HS|  |TAMS 0x0000000084200000, 0x0000000084200000| Complete 
|  66|0x0000000084200000, 0x0000000084300000, 0x0000000084300000|100%|HC|  |TAMS 0x0000000084300000, 0x0000000084300000| Complete 
|  67|0x0000000084300000, 0x0000000084400000, 0x0000000084400000|100%|HS|  |TAMS 0x0000000084400000, 0x0000000084400000| Complete 
|  68|0x0000000084400000, 0x0000000084500000, 0x0000000084500000|100%|HC|  |TAMS 0x0000000084500000, 0x0000000084500000| Complete 
|  69|0x0000000084500000, 0x0000000084600000, 0x0000000084600000|100%|HC|  |TAMS 0x0000000084600000, 0x0000000084600000| Complete 
|  70|0x0000000084600000, 0x0000000084700000, 0x0000000084700000|100%|HC|  |TAMS 0x0000000084700000, 0x0000000084700000| Complete 
|  71|0x0000000084700000, 0x0000000084800000, 0x0000000084800000|100%|HS|  |TAMS 0x0000000084800000, 0x0000000084800000| Complete 
|  72|0x0000000084800000, 0x0000000084900000, 0x0000000084900000|100%| O|  |TAMS 0x0000000084900000, 0x0000000084900000| Untracked 
|  73|0x0000000084900000, 0x0000000084a00000, 0x0000000084a00000|100%|HS|  |TAMS 0x0000000084a00000, 0x0000000084a00000| Complete 
|  74|0x0000000084a00000, 0x0000000084b00000, 0x0000000084b00000|100%|HS|  |TAMS 0x0000000084b00000, 0x0000000084b00000| Complete 
|  75|0x0000000084b00000, 0x0000000084c00000, 0x0000000084c00000|100%| O|  |TAMS 0x0000000084c00000, 0x0000000084c00000| Untracked 
|  76|0x0000000084c00000, 0x0000000084d00000, 0x0000000084d00000|100%| O|  |TAMS 0x0000000084d00000, 0x0000000084d00000| Untracked 
|  77|0x0000000084d00000, 0x0000000084e00000, 0x0000000084e00000|100%| O|  |TAMS 0x0000000084e00000, 0x0000000084e00000| Untracked 
|  78|0x0000000084e00000, 0x0000000084f00000, 0x0000000084f00000|100%| O|  |TAMS 0x0000000084f00000, 0x0000000084f00000| Untracked 
|  79|0x0000000084f00000, 0x0000000085000000, 0x0000000085000000|100%| O|  |TAMS 0x0000000085000000, 0x0000000085000000| Untracked 
|  80|0x0000000085000000, 0x0000000085100000, 0x0000000085100000|100%| O|  |TAMS 0x0000000085100000, 0x0000000085100000| Untracked 
|  81|0x0000000085100000, 0x0000000085200000, 0x0000000085200000|100%| O|  |TAMS 0x0000000085200000, 0x0000000085200000| Untracked 
|  82|0x0000000085200000, 0x0000000085300000, 0x0000000085300000|100%| O|  |TAMS 0x0000000085300000, 0x0000000085300000| Untracked 
|  83|0x0000000085300000, 0x0000000085400000, 0x0000000085400000|100%|HS|  |TAMS 0x0000000085400000, 0x0000000085400000| Complete 
|  84|0x0000000085400000, 0x0000000085500000, 0x0000000085500000|100%| O|  |TAMS 0x0000000085500000, 0x0000000085500000| Untracked 
|  85|0x0000000085500000, 0x0000000085600000, 0x0000000085600000|100%| O|  |TAMS 0x0000000085600000, 0x0000000085600000| Untracked 
|  86|0x0000000085600000, 0x0000000085700000, 0x0000000085700000|100%| O|  |TAMS 0x0000000085700000, 0x0000000085700000| Untracked 
|  87|0x0000000085700000, 0x0000000085800000, 0x0000000085800000|100%| O|  |TAMS 0x0000000085800000, 0x0000000085800000| Untracked 
|  88|0x0000000085800000, 0x0000000085900000, 0x0000000085900000|100%| O|  |TAMS 0x0000000085900000, 0x0000000085900000| Untracked 
|  89|0x0000000085900000, 0x0000000085a00000, 0x0000000085a00000|100%|HS|  |TAMS 0x0000000085900000, 0x0000000085a00000| Complete 
|  90|0x0000000085a00000, 0x0000000085b00000, 0x0000000085b00000|100%| O|  |TAMS 0x0000000085a00000, 0x0000000085b00000| Untracked 
|  91|0x0000000085b00000, 0x0000000085c00000, 0x0000000085c00000|100%|HS|  |TAMS 0x0000000085c00000, 0x0000000085c00000| Complete 
|  92|0x0000000085c00000, 0x0000000085d00000, 0x0000000085d00000|100%|HC|  |TAMS 0x0000000085d00000, 0x0000000085d00000| Complete 
|  93|0x0000000085d00000, 0x0000000085e00000, 0x0000000085e00000|100%|HC|  |TAMS 0x0000000085e00000, 0x0000000085e00000| Complete 
|  94|0x0000000085e00000, 0x0000000085f00000, 0x0000000085f00000|100%|HC|  |TAMS 0x0000000085f00000, 0x0000000085f00000| Complete 
|  95|0x0000000085f00000, 0x0000000086000000, 0x0000000086000000|100%| O|  |TAMS 0x0000000086000000, 0x0000000086000000| Untracked 
|  96|0x0000000086000000, 0x0000000086100000, 0x0000000086100000|100%| O|  |TAMS 0x0000000086100000, 0x0000000086100000| Untracked 
|  97|0x0000000086100000, 0x0000000086200000, 0x0000000086200000|100%| O|  |TAMS 0x0000000086200000, 0x0000000086200000| Untracked 
|  98|0x0000000086200000, 0x0000000086300000, 0x0000000086300000|100%| O|  |TAMS 0x0000000086300000, 0x0000000086300000| Untracked 
|  99|0x0000000086300000, 0x0000000086400000, 0x0000000086400000|100%| O|  |TAMS 0x0000000086400000, 0x0000000086400000| Untracked 
| 100|0x0000000086400000, 0x0000000086500000, 0x0000000086500000|100%| O|  |TAMS 0x0000000086500000, 0x0000000086500000| Untracked 
| 101|0x0000000086500000, 0x0000000086600000, 0x0000000086600000|100%| O|  |TAMS 0x0000000086600000, 0x0000000086600000| Untracked 
| 102|0x0000000086600000, 0x0000000086700000, 0x0000000086700000|100%| O|  |TAMS 0x0000000086700000, 0x0000000086700000| Untracked 
| 103|0x0000000086700000, 0x0000000086800000, 0x0000000086800000|100%| O|  |TAMS 0x0000000086800000, 0x0000000086800000| Untracked 
| 104|0x0000000086800000, 0x0000000086900000, 0x0000000086900000|100%| O|  |TAMS 0x0000000086900000, 0x0000000086900000| Untracked 
| 105|0x0000000086900000, 0x0000000086a00000, 0x0000000086a00000|100%| O|  |TAMS 0x0000000086a00000, 0x0000000086a00000| Untracked 
| 106|0x0000000086a00000, 0x0000000086b00000, 0x0000000086b00000|100%| O|  |TAMS 0x0000000086b00000, 0x0000000086b00000| Untracked 
| 107|0x0000000086b00000, 0x0000000086c00000, 0x0000000086c00000|100%| O|  |TAMS 0x0000000086c00000, 0x0000000086c00000| Untracked 
| 108|0x0000000086c00000, 0x0000000086d00000, 0x0000000086d00000|100%| O|  |TAMS 0x0000000086d00000, 0x0000000086d00000| Untracked 
| 109|0x0000000086d00000, 0x0000000086e00000, 0x0000000086e00000|100%| O|  |TAMS 0x0000000086e00000, 0x0000000086e00000| Untracked 
| 110|0x0000000086e00000, 0x0000000086f00000, 0x0000000086f00000|100%| O|  |TAMS 0x0000000086f00000, 0x0000000086f00000| Untracked 
| 111|0x0000000086f00000, 0x0000000087000000, 0x0000000087000000|100%| O|  |TAMS 0x0000000087000000, 0x0000000087000000| Untracked 
| 112|0x0000000087000000, 0x0000000087100000, 0x0000000087100000|100%| O|  |TAMS 0x0000000087100000, 0x0000000087100000| Untracked 
| 113|0x0000000087100000, 0x0000000087200000, 0x0000000087200000|100%| O|  |TAMS 0x0000000087200000, 0x0000000087200000| Untracked 
| 114|0x0000000087200000, 0x0000000087300000, 0x0000000087300000|100%| O|  |TAMS 0x0000000087300000, 0x0000000087300000| Untracked 
| 115|0x0000000087300000, 0x0000000087400000, 0x0000000087400000|100%| O|  |TAMS 0x0000000087400000, 0x0000000087400000| Untracked 
| 116|0x0000000087400000, 0x0000000087500000, 0x0000000087500000|100%| O|  |TAMS 0x0000000087500000, 0x0000000087500000| Untracked 
| 117|0x0000000087500000, 0x0000000087600000, 0x0000000087600000|100%| O|  |TAMS 0x0000000087600000, 0x0000000087600000| Untracked 
| 118|0x0000000087600000, 0x0000000087700000, 0x0000000087700000|100%| O|  |TAMS 0x0000000087700000, 0x0000000087700000| Untracked 
| 119|0x0000000087700000, 0x0000000087800000, 0x0000000087800000|100%| O|  |TAMS 0x0000000087800000, 0x0000000087800000| Untracked 
| 120|0x0000000087800000, 0x0000000087900000, 0x0000000087900000|100%| O|  |TAMS 0x0000000087900000, 0x0000000087900000| Untracked 
| 121|0x0000000087900000, 0x0000000087a00000, 0x0000000087a00000|100%| O|  |TAMS 0x0000000087a00000, 0x0000000087a00000| Untracked 
| 122|0x0000000087a00000, 0x0000000087b00000, 0x0000000087b00000|100%| O|  |TAMS 0x0000000087b00000, 0x0000000087b00000| Untracked 
| 123|0x0000000087b00000, 0x0000000087c00000, 0x0000000087c00000|100%| O|  |TAMS 0x0000000087c00000, 0x0000000087c00000| Untracked 
| 124|0x0000000087c00000, 0x0000000087d00000, 0x0000000087d00000|100%| O|  |TAMS 0x0000000087d00000, 0x0000000087d00000| Untracked 
| 125|0x0000000087d00000, 0x0000000087e00000, 0x0000000087e00000|100%| O|  |TAMS 0x0000000087e00000, 0x0000000087e00000| Untracked 
| 126|0x0000000087e00000, 0x0000000087f00000, 0x0000000087f00000|100%| O|  |TAMS 0x0000000087f00000, 0x0000000087f00000| Untracked 
| 127|0x0000000087f00000, 0x0000000088000000, 0x0000000088000000|100%| O|  |TAMS 0x0000000088000000, 0x0000000088000000| Untracked 
| 128|0x0000000088000000, 0x0000000088100000, 0x0000000088100000|100%| O|  |TAMS 0x0000000088100000, 0x0000000088100000| Untracked 
| 129|0x0000000088100000, 0x0000000088200000, 0x0000000088200000|100%| O|  |TAMS 0x0000000088200000, 0x0000000088200000| Untracked 
| 130|0x0000000088200000, 0x0000000088300000, 0x0000000088300000|100%| O|  |TAMS 0x0000000088300000, 0x0000000088300000| Untracked 
| 131|0x0000000088300000, 0x0000000088400000, 0x0000000088400000|100%| O|  |TAMS 0x0000000088400000, 0x0000000088400000| Untracked 
| 132|0x0000000088400000, 0x0000000088500000, 0x0000000088500000|100%| O|  |TAMS 0x0000000088500000, 0x0000000088500000| Untracked 
| 133|0x0000000088500000, 0x0000000088600000, 0x0000000088600000|100%| O|  |TAMS 0x0000000088600000, 0x0000000088600000| Untracked 
| 134|0x0000000088600000, 0x0000000088700000, 0x0000000088700000|100%|HS|  |TAMS 0x0000000088600000, 0x0000000088700000| Complete 
| 135|0x0000000088700000, 0x0000000088800000, 0x0000000088800000|100%| O|  |TAMS 0x0000000088700000, 0x0000000088700000| Untracked 
| 136|0x0000000088800000, 0x0000000088900000, 0x0000000088900000|100%| O|  |TAMS 0x0000000088900000, 0x0000000088900000| Untracked 
| 137|0x0000000088900000, 0x0000000088a00000, 0x0000000088a00000|100%| O|  |TAMS 0x0000000088a00000, 0x0000000088a00000| Untracked 
| 138|0x0000000088a00000, 0x0000000088b00000, 0x0000000088b00000|100%| O|  |TAMS 0x0000000088b00000, 0x0000000088b00000| Untracked 
| 139|0x0000000088b00000, 0x0000000088c00000, 0x0000000088c00000|100%| O|  |TAMS 0x0000000088b00000, 0x0000000088c00000| Untracked 
| 140|0x0000000088c00000, 0x0000000088d00000, 0x0000000088d00000|100%| O|  |TAMS 0x0000000088d00000, 0x0000000088d00000| Untracked 
| 141|0x0000000088d00000, 0x0000000088e00000, 0x0000000088e00000|100%| O|  |TAMS 0x0000000088e00000, 0x0000000088e00000| Untracked 
| 142|0x0000000088e00000, 0x0000000088effff8, 0x0000000088f00000| 99%| O|  |TAMS 0x0000000088e00000, 0x0000000088effff8| Untracked 
| 143|0x0000000088f00000, 0x0000000089000000, 0x0000000089000000|100%| O|  |TAMS 0x0000000088f00000, 0x0000000089000000| Untracked 
| 144|0x0000000089000000, 0x0000000089100000, 0x0000000089100000|100%| O|  |TAMS 0x0000000089100000, 0x0000000089100000| Untracked 
| 145|0x0000000089100000, 0x0000000089200000, 0x0000000089200000|100%| O|  |TAMS 0x0000000089100000, 0x0000000089200000| Untracked 
| 146|0x0000000089200000, 0x0000000089300000, 0x0000000089300000|100%| O|  |TAMS 0x0000000089300000, 0x0000000089300000| Untracked 
| 147|0x0000000089300000, 0x0000000089400000, 0x0000000089400000|100%| O|  |TAMS 0x0000000089300000, 0x0000000089400000| Untracked 
| 148|0x0000000089400000, 0x0000000089500000, 0x0000000089500000|100%| O|  |TAMS 0x0000000089400000, 0x0000000089400000| Untracked 
| 149|0x0000000089500000, 0x0000000089600000, 0x0000000089600000|100%| O|  |TAMS 0x0000000089600000, 0x0000000089600000| Untracked 
| 150|0x0000000089600000, 0x0000000089700000, 0x0000000089700000|100%| O|  |TAMS 0x0000000089600000, 0x0000000089700000| Untracked 
| 151|0x0000000089700000, 0x0000000089800000, 0x0000000089800000|100%| O|  |TAMS 0x0000000089700000, 0x0000000089800000| Untracked 
| 152|0x0000000089800000, 0x0000000089900000, 0x0000000089900000|100%| O|  |TAMS 0x0000000089800000, 0x0000000089900000| Untracked 
| 153|0x0000000089900000, 0x0000000089a00000, 0x0000000089a00000|100%| O|  |TAMS 0x0000000089a00000, 0x0000000089a00000| Untracked 
| 154|0x0000000089a00000, 0x0000000089b00000, 0x0000000089b00000|100%| O|  |TAMS 0x0000000089a00000, 0x0000000089b00000| Untracked 
| 155|0x0000000089b00000, 0x0000000089c00000, 0x0000000089c00000|100%| O|  |TAMS 0x0000000089c00000, 0x0000000089c00000| Untracked 
| 156|0x0000000089c00000, 0x0000000089d00000, 0x0000000089d00000|100%|HS|  |TAMS 0x0000000089c00000, 0x0000000089d00000| Complete 
| 157|0x0000000089d00000, 0x0000000089e00000, 0x0000000089e00000|100%|HC|  |TAMS 0x0000000089d00000, 0x0000000089e00000| Complete 
| 158|0x0000000089e00000, 0x0000000089f00000, 0x0000000089f00000|100%|HS|  |TAMS 0x0000000089e00000, 0x0000000089f00000| Complete 
| 159|0x0000000089f00000, 0x000000008a000000, 0x000000008a000000|100%| O|  |TAMS 0x0000000089f00000, 0x0000000089f00000| Untracked 
| 160|0x000000008a000000, 0x000000008a100000, 0x000000008a100000|100%|HS|  |TAMS 0x000000008a000000, 0x000000008a100000| Complete 
| 161|0x000000008a100000, 0x000000008a200000, 0x000000008a200000|100%|HS|  |TAMS 0x000000008a100000, 0x000000008a200000| Complete 
| 162|0x000000008a200000, 0x000000008a300000, 0x000000008a300000|100%| O|  |TAMS 0x000000008a200000, 0x000000008a200000| Untracked 
| 163|0x000000008a300000, 0x000000008a400000, 0x000000008a400000|100%| O|  |TAMS 0x000000008a300000, 0x000000008a300000| Untracked 
| 164|0x000000008a400000, 0x000000008a500000, 0x000000008a500000|100%|HS|  |TAMS 0x000000008a400000, 0x000000008a500000| Complete 
| 165|0x000000008a500000, 0x000000008a600000, 0x000000008a600000|100%| O|  |TAMS 0x000000008a600000, 0x000000008a600000| Untracked 
| 166|0x000000008a600000, 0x000000008a700000, 0x000000008a700000|100%| O|  |TAMS 0x000000008a700000, 0x000000008a700000| Untracked 
| 167|0x000000008a700000, 0x000000008a800000, 0x000000008a800000|100%| O|  |TAMS 0x000000008a800000, 0x000000008a800000| Untracked 
| 168|0x000000008a800000, 0x000000008a900000, 0x000000008a900000|100%| O|  |TAMS 0x000000008a900000, 0x000000008a900000| Untracked 
| 169|0x000000008a900000, 0x000000008aa00000, 0x000000008aa00000|100%| O|  |TAMS 0x000000008aa00000, 0x000000008aa00000| Untracked 
| 170|0x000000008aa00000, 0x000000008ab00000, 0x000000008ab00000|100%|HS|  |TAMS 0x000000008aa00000, 0x000000008ab00000| Complete 
| 171|0x000000008ab00000, 0x000000008ac00000, 0x000000008ac00000|100%|HC|  |TAMS 0x000000008ab00000, 0x000000008ac00000| Complete 
| 172|0x000000008ac00000, 0x000000008ad00000, 0x000000008ad00000|100%| O|  |TAMS 0x000000008ad00000, 0x000000008ad00000| Untracked 
| 173|0x000000008ad00000, 0x000000008ae00000, 0x000000008ae00000|100%|HS|  |TAMS 0x000000008ad00000, 0x000000008ae00000| Complete 
| 174|0x000000008ae00000, 0x000000008af00000, 0x000000008af00000|100%| O|  |TAMS 0x000000008af00000, 0x000000008af00000| Untracked 
| 175|0x000000008af00000, 0x000000008b000000, 0x000000008b000000|100%| O|  |TAMS 0x000000008b000000, 0x000000008b000000| Untracked 
| 176|0x000000008b000000, 0x000000008b100000, 0x000000008b100000|100%|HS|  |TAMS 0x000000008b000000, 0x000000008b100000| Complete 
| 177|0x000000008b100000, 0x000000008b200000, 0x000000008b200000|100%|HC|  |TAMS 0x000000008b100000, 0x000000008b200000| Complete 
| 178|0x000000008b200000, 0x000000008b300000, 0x000000008b300000|100%|HS|  |TAMS 0x000000008b200000, 0x000000008b300000| Complete 
| 179|0x000000008b300000, 0x000000008b400000, 0x000000008b400000|100%|HC|  |TAMS 0x000000008b300000, 0x000000008b400000| Complete 
| 180|0x000000008b400000, 0x000000008b500000, 0x000000008b500000|100%| O|  |TAMS 0x000000008b400000, 0x000000008b400000| Untracked 
| 181|0x000000008b500000, 0x000000008b600000, 0x000000008b600000|100%| O|  |TAMS 0x000000008b500000, 0x000000008b500000| Untracked 
| 182|0x000000008b600000, 0x000000008b700000, 0x000000008b700000|100%| O|  |TAMS 0x000000008b700000, 0x000000008b700000| Untracked 
| 183|0x000000008b700000, 0x000000008b800000, 0x000000008b800000|100%| O|  |TAMS 0x000000008b79ce00, 0x000000008b800000| Untracked 
| 184|0x000000008b800000, 0x000000008b900000, 0x000000008b900000|100%|HS|  |TAMS 0x000000008b800000, 0x000000008b900000| Complete 
| 185|0x000000008b900000, 0x000000008ba00000, 0x000000008ba00000|100%|HC|  |TAMS 0x000000008b900000, 0x000000008ba00000| Complete 
| 186|0x000000008ba00000, 0x000000008bb00000, 0x000000008bb00000|100%|HS|  |TAMS 0x000000008ba00000, 0x000000008bb00000| Complete 
| 187|0x000000008bb00000, 0x000000008bc00000, 0x000000008bc00000|100%|HC|  |TAMS 0x000000008bb00000, 0x000000008bc00000| Complete 
| 188|0x000000008bc00000, 0x000000008bd00000, 0x000000008bd00000|100%|HC|  |TAMS 0x000000008bc00000, 0x000000008bd00000| Complete 
| 189|0x000000008bd00000, 0x000000008be00000, 0x000000008be00000|100%|HS|  |TAMS 0x000000008bd00000, 0x000000008be00000| Complete 
| 190|0x000000008be00000, 0x000000008bf00000, 0x000000008bf00000|100%|HC|  |TAMS 0x000000008be00000, 0x000000008bf00000| Complete 
| 191|0x000000008bf00000, 0x000000008c000000, 0x000000008c000000|100%|HC|  |TAMS 0x000000008bf00000, 0x000000008c000000| Complete 
| 192|0x000000008c000000, 0x000000008c100000, 0x000000008c100000|100%| O|  |TAMS 0x000000008c000000, 0x000000008c100000| Untracked 
| 193|0x000000008c100000, 0x000000008c200000, 0x000000008c200000|100%| O|  |TAMS 0x000000008c100000, 0x000000008c200000| Untracked 
| 194|0x000000008c200000, 0x000000008c300000, 0x000000008c300000|100%|HS|  |TAMS 0x000000008c200000, 0x000000008c300000| Complete 
| 195|0x000000008c300000, 0x000000008c400000, 0x000000008c400000|100%|HC|  |TAMS 0x000000008c300000, 0x000000008c400000| Complete 
| 196|0x000000008c400000, 0x000000008c500000, 0x000000008c500000|100%| O|  |TAMS 0x000000008c400000, 0x000000008c500000| Untracked 
| 197|0x000000008c500000, 0x000000008c600000, 0x000000008c600000|100%|HS|  |TAMS 0x000000008c500000, 0x000000008c600000| Complete 
| 198|0x000000008c600000, 0x000000008c700000, 0x000000008c700000|100%| O|  |TAMS 0x000000008c600000, 0x000000008c700000| Untracked 
| 199|0x000000008c700000, 0x000000008c800000, 0x000000008c800000|100%| O|  |TAMS 0x000000008c700000, 0x000000008c800000| Untracked 
| 200|0x000000008c800000, 0x000000008c900000, 0x000000008c900000|100%| O|  |TAMS 0x000000008c800000, 0x000000008c900000| Untracked 
| 201|0x000000008c900000, 0x000000008ca00000, 0x000000008ca00000|100%|HS|  |TAMS 0x000000008c900000, 0x000000008ca00000| Complete 
| 202|0x000000008ca00000, 0x000000008cb00000, 0x000000008cb00000|100%|HC|  |TAMS 0x000000008ca00000, 0x000000008cb00000| Complete 
| 203|0x000000008cb00000, 0x000000008cc00000, 0x000000008cc00000|100%| O|  |TAMS 0x000000008cb00000, 0x000000008cc00000| Untracked 
| 204|0x000000008cc00000, 0x000000008cd00000, 0x000000008cd00000|100%| O|  |TAMS 0x000000008cc00000, 0x000000008cd00000| Untracked 
| 205|0x000000008cd00000, 0x000000008ce00000, 0x000000008ce00000|100%| O|  |TAMS 0x000000008cd00000, 0x000000008ce00000| Untracked 
| 206|0x000000008ce00000, 0x000000008cf00000, 0x000000008cf00000|100%|HS|  |TAMS 0x000000008ce00000, 0x000000008cf00000| Complete 
| 207|0x000000008cf00000, 0x000000008d000000, 0x000000008d000000|100%|HC|  |TAMS 0x000000008cf00000, 0x000000008d000000| Complete 
| 208|0x000000008d000000, 0x000000008d100000, 0x000000008d100000|100%| O|  |TAMS 0x000000008d000000, 0x000000008d100000| Untracked 
| 209|0x000000008d100000, 0x000000008d200000, 0x000000008d200000|100%| O|  |TAMS 0x000000008d100000, 0x000000008d200000| Untracked 
| 210|0x000000008d200000, 0x000000008d300000, 0x000000008d300000|100%| O|  |TAMS 0x000000008d200000, 0x000000008d300000| Untracked 
| 211|0x000000008d300000, 0x000000008d400000, 0x000000008d400000|100%|HS|  |TAMS 0x000000008d300000, 0x000000008d400000| Complete 
| 212|0x000000008d400000, 0x000000008d500000, 0x000000008d500000|100%|HC|  |TAMS 0x000000008d400000, 0x000000008d500000| Complete 
| 213|0x000000008d500000, 0x000000008d600000, 0x000000008d600000|100%| O|  |TAMS 0x000000008d500000, 0x000000008d600000| Untracked 
| 214|0x000000008d600000, 0x000000008d700000, 0x000000008d700000|100%| O|  |TAMS 0x000000008d600000, 0x000000008d700000| Untracked 
| 215|0x000000008d700000, 0x000000008d800000, 0x000000008d800000|100%| O|  |TAMS 0x000000008d700000, 0x000000008d800000| Untracked 
| 216|0x000000008d800000, 0x000000008d900000, 0x000000008d900000|100%|HS|  |TAMS 0x000000008d800000, 0x000000008d900000| Complete 
| 217|0x000000008d900000, 0x000000008da00000, 0x000000008da00000|100%|HC|  |TAMS 0x000000008d900000, 0x000000008da00000| Complete 
| 218|0x000000008da00000, 0x000000008db00000, 0x000000008db00000|100%| O|  |TAMS 0x000000008da00000, 0x000000008db00000| Untracked 
| 219|0x000000008db00000, 0x000000008dc00000, 0x000000008dc00000|100%| O|  |TAMS 0x000000008db00000, 0x000000008dc00000| Untracked 
| 220|0x000000008dc00000, 0x000000008dd00000, 0x000000008dd00000|100%| O|  |TAMS 0x000000008dc00000, 0x000000008dd00000| Untracked 
| 221|0x000000008dd00000, 0x000000008de00000, 0x000000008de00000|100%| O|  |TAMS 0x000000008dd00000, 0x000000008de00000| Untracked 
| 222|0x000000008de00000, 0x000000008df00000, 0x000000008df00000|100%| O|  |TAMS 0x000000008de00000, 0x000000008df00000| Untracked 
| 223|0x000000008df00000, 0x000000008e000000, 0x000000008e000000|100%| O|  |TAMS 0x000000008df00000, 0x000000008e000000| Untracked 
| 224|0x000000008e000000, 0x000000008e100000, 0x000000008e100000|100%|HS|  |TAMS 0x000000008e000000, 0x000000008e100000| Complete 
| 225|0x000000008e100000, 0x000000008e200000, 0x000000008e200000|100%|HC|  |TAMS 0x000000008e100000, 0x000000008e200000| Complete 
| 226|0x000000008e200000, 0x000000008e300000, 0x000000008e300000|100%|HC|  |TAMS 0x000000008e200000, 0x000000008e300000| Complete 
| 227|0x000000008e300000, 0x000000008e400000, 0x000000008e400000|100%|HS|  |TAMS 0x000000008e300000, 0x000000008e400000| Complete 
| 228|0x000000008e400000, 0x000000008e500000, 0x000000008e500000|100%|HC|  |TAMS 0x000000008e400000, 0x000000008e500000| Complete 
| 229|0x000000008e500000, 0x000000008e600000, 0x000000008e600000|100%|HS|  |TAMS 0x000000008e500000, 0x000000008e600000| Complete 
| 230|0x000000008e600000, 0x000000008e700000, 0x000000008e700000|100%|HC|  |TAMS 0x000000008e600000, 0x000000008e700000| Complete 
| 231|0x000000008e700000, 0x000000008e800000, 0x000000008e800000|100%| O|  |TAMS 0x000000008e700000, 0x000000008e800000| Untracked 
| 232|0x000000008e800000, 0x000000008e900000, 0x000000008e900000|100%| O|  |TAMS 0x000000008e800000, 0x000000008e900000| Untracked 
| 233|0x000000008e900000, 0x000000008ea00000, 0x000000008ea00000|100%|HS|  |TAMS 0x000000008e900000, 0x000000008ea00000| Complete 
| 234|0x000000008ea00000, 0x000000008eb00000, 0x000000008eb00000|100%|HC|  |TAMS 0x000000008ea00000, 0x000000008eb00000| Complete 
| 235|0x000000008eb00000, 0x000000008ec00000, 0x000000008ec00000|100%|HC|  |TAMS 0x000000008eb00000, 0x000000008ec00000| Complete 
| 236|0x000000008ec00000, 0x000000008ed00000, 0x000000008ed00000|100%| O|  |TAMS 0x000000008ec00000, 0x000000008ed00000| Untracked 
| 237|0x000000008ed00000, 0x000000008ee00000, 0x000000008ee00000|100%|HS|  |TAMS 0x000000008ed00000, 0x000000008ee00000| Complete 
| 238|0x000000008ee00000, 0x000000008ef00000, 0x000000008ef00000|100%| O|  |TAMS 0x000000008ee00000, 0x000000008ef00000| Untracked 
| 239|0x000000008ef00000, 0x000000008f000000, 0x000000008f000000|100%|HS|  |TAMS 0x000000008ef00000, 0x000000008f000000| Complete 
| 240|0x000000008f000000, 0x000000008f100000, 0x000000008f100000|100%| O|  |TAMS 0x000000008f000000, 0x000000008f100000| Untracked 
| 241|0x000000008f100000, 0x000000008f200000, 0x000000008f200000|100%| O|  |TAMS 0x000000008f100000, 0x000000008f200000| Untracked 
| 242|0x000000008f200000, 0x000000008f300000, 0x000000008f300000|100%| O|  |TAMS 0x000000008f200000, 0x000000008f300000| Untracked 
| 243|0x000000008f300000, 0x000000008f400000, 0x000000008f400000|100%| O|  |TAMS 0x000000008f300000, 0x000000008f400000| Untracked 
| 244|0x000000008f400000, 0x000000008f500000, 0x000000008f500000|100%| O|  |TAMS 0x000000008f400000, 0x000000008f500000| Untracked 
| 245|0x000000008f500000, 0x000000008f600000, 0x000000008f600000|100%| O|  |TAMS 0x000000008f500000, 0x000000008f600000| Untracked 
| 246|0x000000008f600000, 0x000000008f700000, 0x000000008f700000|100%| O|  |TAMS 0x000000008f600000, 0x000000008f700000| Untracked 
| 247|0x000000008f700000, 0x000000008f800000, 0x000000008f800000|100%| O|  |TAMS 0x000000008f700000, 0x000000008f800000| Untracked 
| 248|0x000000008f800000, 0x000000008f900000, 0x000000008f900000|100%| O|  |TAMS 0x000000008f800000, 0x000000008f900000| Untracked 
| 249|0x000000008f900000, 0x000000008fa00000, 0x000000008fa00000|100%| O|  |TAMS 0x000000008f900000, 0x000000008fa00000| Untracked 
| 250|0x000000008fa00000, 0x000000008fb00000, 0x000000008fb00000|100%| O|  |TAMS 0x000000008fa00000, 0x000000008fb00000| Untracked 
| 251|0x000000008fb00000, 0x000000008fc00000, 0x000000008fc00000|100%| O|  |TAMS 0x000000008fb00000, 0x000000008fc00000| Untracked 
| 252|0x000000008fc00000, 0x000000008fd00000, 0x000000008fd00000|100%| O|  |TAMS 0x000000008fc00000, 0x000000008fd00000| Untracked 
| 253|0x000000008fd00000, 0x000000008fe00000, 0x000000008fe00000|100%| O|  |TAMS 0x000000008fd00000, 0x000000008fe00000| Untracked 
| 254|0x000000008fe00000, 0x000000008ff00000, 0x000000008ff00000|100%| O|  |TAMS 0x000000008fe00000, 0x000000008ff00000| Untracked 
| 255|0x000000008ff00000, 0x0000000090000000, 0x0000000090000000|100%| O|  |TAMS 0x000000008ff00000, 0x0000000090000000| Untracked 
| 256|0x0000000090000000, 0x0000000090100000, 0x0000000090100000|100%| O|  |TAMS 0x0000000090000000, 0x0000000090100000| Untracked 
| 257|0x0000000090100000, 0x0000000090200000, 0x0000000090200000|100%| O|  |TAMS 0x0000000090100000, 0x0000000090200000| Untracked 
| 258|0x0000000090200000, 0x0000000090300000, 0x0000000090300000|100%| O|  |TAMS 0x0000000090200000, 0x0000000090300000| Untracked 
| 259|0x0000000090300000, 0x0000000090400000, 0x0000000090400000|100%| O|  |TAMS 0x0000000090300000, 0x0000000090400000| Untracked 
| 260|0x0000000090400000, 0x0000000090500000, 0x0000000090500000|100%| O|  |TAMS 0x0000000090400000, 0x0000000090500000| Untracked 
| 261|0x0000000090500000, 0x0000000090600000, 0x0000000090600000|100%| O|  |TAMS 0x0000000090500000, 0x0000000090600000| Untracked 
| 262|0x0000000090600000, 0x0000000090700000, 0x0000000090700000|100%| O|  |TAMS 0x0000000090600000, 0x0000000090700000| Untracked 
| 263|0x0000000090700000, 0x0000000090800000, 0x0000000090800000|100%| O|  |TAMS 0x0000000090700000, 0x0000000090800000| Untracked 
| 264|0x0000000090800000, 0x0000000090900000, 0x0000000090900000|100%| O|  |TAMS 0x0000000090800000, 0x0000000090900000| Untracked 
| 265|0x0000000090900000, 0x0000000090a00000, 0x0000000090a00000|100%| O|  |TAMS 0x0000000090900000, 0x0000000090a00000| Untracked 
| 266|0x0000000090a00000, 0x0000000090b00000, 0x0000000090b00000|100%| O|  |TAMS 0x0000000090a00000, 0x0000000090b00000| Untracked 
| 267|0x0000000090b00000, 0x0000000090c00000, 0x0000000090c00000|100%| O|  |TAMS 0x0000000090b00000, 0x0000000090b62c00| Untracked 
| 268|0x0000000090c00000, 0x0000000090d00000, 0x0000000090d00000|100%| O|  |TAMS 0x0000000090c00000, 0x0000000090c00000| Untracked 
| 269|0x0000000090d00000, 0x0000000090e00000, 0x0000000090e00000|100%| O|  |TAMS 0x0000000090d00000, 0x0000000090d00000| Untracked 
| 270|0x0000000090e00000, 0x0000000090f00000, 0x0000000090f00000|100%| O|  |TAMS 0x0000000090e00000, 0x0000000090e00000| Untracked 
| 271|0x0000000090f00000, 0x0000000091000000, 0x0000000091000000|100%| O|  |TAMS 0x0000000090f00000, 0x0000000090f00000| Untracked 
| 272|0x0000000091000000, 0x0000000091100000, 0x0000000091100000|100%| O|  |TAMS 0x0000000091000000, 0x0000000091000000| Untracked 
| 273|0x0000000091100000, 0x0000000091200000, 0x0000000091200000|100%| O|  |TAMS 0x0000000091100000, 0x0000000091100000| Untracked 
| 274|0x0000000091200000, 0x0000000091300000, 0x0000000091300000|100%| O|  |TAMS 0x0000000091200000, 0x0000000091200000| Untracked 
| 275|0x0000000091300000, 0x0000000091400000, 0x0000000091400000|100%| O|  |TAMS 0x0000000091300000, 0x0000000091300000| Untracked 
| 276|0x0000000091400000, 0x0000000091500000, 0x0000000091500000|100%| O|  |TAMS 0x0000000091400000, 0x0000000091400000| Untracked 
| 277|0x0000000091500000, 0x0000000091600000, 0x0000000091600000|100%|HS|  |TAMS 0x0000000091500000, 0x0000000091500000| Complete 
| 278|0x0000000091600000, 0x0000000091700000, 0x0000000091700000|100%|HC|  |TAMS 0x0000000091600000, 0x0000000091600000| Complete 
| 279|0x0000000091700000, 0x0000000091800000, 0x0000000091800000|100%|HS|  |TAMS 0x0000000091700000, 0x0000000091700000| Complete 
| 280|0x0000000091800000, 0x0000000091900000, 0x0000000091900000|100%| O|  |TAMS 0x0000000091800000, 0x0000000091800000| Untracked 
| 281|0x0000000091900000, 0x0000000091a00000, 0x0000000091a00000|100%| O|  |TAMS 0x0000000091900000, 0x0000000091900000| Untracked 
| 282|0x0000000091a00000, 0x0000000091b00000, 0x0000000091b00000|100%| O|  |TAMS 0x0000000091a00000, 0x0000000091a00000| Untracked 
| 283|0x0000000091b00000, 0x0000000091c00000, 0x0000000091c00000|100%| O|  |TAMS 0x0000000091b00000, 0x0000000091b00000| Untracked 
| 284|0x0000000091c00000, 0x0000000091d00000, 0x0000000091d00000|100%| O|  |TAMS 0x0000000091c00000, 0x0000000091c00000| Untracked 
| 285|0x0000000091d00000, 0x0000000091e00000, 0x0000000091e00000|100%| O|  |TAMS 0x0000000091d00000, 0x0000000091d00000| Untracked 
| 286|0x0000000091e00000, 0x0000000091f00000, 0x0000000091f00000|100%| O|  |TAMS 0x0000000091e00000, 0x0000000091e00000| Untracked 
| 287|0x0000000091f00000, 0x0000000092000000, 0x0000000092000000|100%| O|  |TAMS 0x0000000091f00000, 0x0000000091f00000| Untracked 
| 288|0x0000000092000000, 0x0000000092100000, 0x0000000092100000|100%| O|  |TAMS 0x0000000092000000, 0x0000000092000000| Untracked 
| 289|0x0000000092100000, 0x0000000092200000, 0x0000000092200000|100%| O|  |TAMS 0x0000000092100000, 0x0000000092100000| Untracked 
| 290|0x0000000092200000, 0x0000000092200000, 0x0000000092300000|  0%| F|  |TAMS 0x0000000092200000, 0x0000000092200000| Untracked 
| 291|0x0000000092300000, 0x0000000092300000, 0x0000000092400000|  0%| F|  |TAMS 0x0000000092300000, 0x0000000092300000| Untracked 
| 292|0x0000000092400000, 0x0000000092400000, 0x0000000092500000|  0%| F|  |TAMS 0x0000000092400000, 0x0000000092400000| Untracked 
| 293|0x0000000092500000, 0x0000000092500000, 0x0000000092600000|  0%| F|  |TAMS 0x0000000092500000, 0x0000000092500000| Untracked 
| 294|0x0000000092600000, 0x0000000092600000, 0x0000000092700000|  0%| F|  |TAMS 0x0000000092600000, 0x0000000092600000| Untracked 
| 295|0x0000000092700000, 0x0000000092700000, 0x0000000092800000|  0%| F|  |TAMS 0x0000000092700000, 0x0000000092700000| Untracked 
| 296|0x0000000092800000, 0x0000000092800000, 0x0000000092900000|  0%| F|  |TAMS 0x0000000092800000, 0x0000000092800000| Untracked 
| 297|0x0000000092900000, 0x0000000092900000, 0x0000000092a00000|  0%| F|  |TAMS 0x0000000092900000, 0x0000000092900000| Untracked 
| 298|0x0000000092a00000, 0x0000000092a00000, 0x0000000092b00000|  0%| F|  |TAMS 0x0000000092a00000, 0x0000000092a00000| Untracked 
| 299|0x0000000092b00000, 0x0000000092b00000, 0x0000000092c00000|  0%| F|  |TAMS 0x0000000092b00000, 0x0000000092b00000| Untracked 
| 300|0x0000000092c00000, 0x0000000092c00000, 0x0000000092d00000|  0%| F|  |TAMS 0x0000000092c00000, 0x0000000092c00000| Untracked 
| 301|0x0000000092d00000, 0x0000000092d00000, 0x0000000092e00000|  0%| F|  |TAMS 0x0000000092d00000, 0x0000000092d00000| Untracked 
| 302|0x0000000092e00000, 0x0000000092e00000, 0x0000000092f00000|  0%| F|  |TAMS 0x0000000092e00000, 0x0000000092e00000| Untracked 
| 303|0x0000000092f00000, 0x0000000092f00000, 0x0000000093000000|  0%| F|  |TAMS 0x0000000092f00000, 0x0000000092f00000| Untracked 
| 304|0x0000000093000000, 0x0000000093000000, 0x0000000093100000|  0%| F|  |TAMS 0x0000000093000000, 0x0000000093000000| Untracked 
| 305|0x0000000093100000, 0x0000000093100000, 0x0000000093200000|  0%| F|  |TAMS 0x0000000093100000, 0x0000000093100000| Untracked 
| 306|0x0000000093200000, 0x0000000093200000, 0x0000000093300000|  0%| F|  |TAMS 0x0000000093200000, 0x0000000093200000| Untracked 
| 307|0x0000000093300000, 0x0000000093300000, 0x0000000093400000|  0%| F|  |TAMS 0x0000000093300000, 0x0000000093300000| Untracked 
| 308|0x0000000093400000, 0x0000000093400000, 0x0000000093500000|  0%| F|  |TAMS 0x0000000093400000, 0x0000000093400000| Untracked 
| 309|0x0000000093500000, 0x0000000093500000, 0x0000000093600000|  0%| F|  |TAMS 0x0000000093500000, 0x0000000093500000| Untracked 
| 310|0x0000000093600000, 0x0000000093600000, 0x0000000093700000|  0%| F|  |TAMS 0x0000000093600000, 0x0000000093600000| Untracked 
| 311|0x0000000093700000, 0x0000000093700000, 0x0000000093800000|  0%| F|  |TAMS 0x0000000093700000, 0x0000000093700000| Untracked 
| 312|0x0000000093800000, 0x0000000093800000, 0x0000000093900000|  0%| F|  |TAMS 0x0000000093800000, 0x0000000093800000| Untracked 
| 313|0x0000000093900000, 0x0000000093900000, 0x0000000093a00000|  0%| F|  |TAMS 0x0000000093900000, 0x0000000093900000| Untracked 
| 314|0x0000000093a00000, 0x0000000093a00000, 0x0000000093b00000|  0%| F|  |TAMS 0x0000000093a00000, 0x0000000093a00000| Untracked 
| 315|0x0000000093b00000, 0x0000000093b00000, 0x0000000093c00000|  0%| F|  |TAMS 0x0000000093b00000, 0x0000000093b00000| Untracked 
| 316|0x0000000093c00000, 0x0000000093c00000, 0x0000000093d00000|  0%| F|  |TAMS 0x0000000093c00000, 0x0000000093c00000| Untracked 
| 317|0x0000000093d00000, 0x0000000093d00000, 0x0000000093e00000|  0%| F|  |TAMS 0x0000000093d00000, 0x0000000093d00000| Untracked 
| 318|0x0000000093e00000, 0x0000000093e00000, 0x0000000093f00000|  0%| F|  |TAMS 0x0000000093e00000, 0x0000000093e00000| Untracked 
| 319|0x0000000093f00000, 0x0000000093f00000, 0x0000000094000000|  0%| F|  |TAMS 0x0000000093f00000, 0x0000000093f00000| Untracked 
| 320|0x0000000094000000, 0x0000000094000000, 0x0000000094100000|  0%| F|  |TAMS 0x0000000094000000, 0x0000000094000000| Untracked 
| 321|0x0000000094100000, 0x0000000094100000, 0x0000000094200000|  0%| F|  |TAMS 0x0000000094100000, 0x0000000094100000| Untracked 
| 322|0x0000000094200000, 0x0000000094200000, 0x0000000094300000|  0%| F|  |TAMS 0x0000000094200000, 0x0000000094200000| Untracked 
| 323|0x0000000094300000, 0x0000000094300000, 0x0000000094400000|  0%| F|  |TAMS 0x0000000094300000, 0x0000000094300000| Untracked 
| 324|0x0000000094400000, 0x0000000094400000, 0x0000000094500000|  0%| F|  |TAMS 0x0000000094400000, 0x0000000094400000| Untracked 
| 325|0x0000000094500000, 0x0000000094500000, 0x0000000094600000|  0%| F|  |TAMS 0x0000000094500000, 0x0000000094500000| Untracked 
| 326|0x0000000094600000, 0x0000000094600000, 0x0000000094700000|  0%| F|  |TAMS 0x0000000094600000, 0x0000000094600000| Untracked 
| 327|0x0000000094700000, 0x0000000094700000, 0x0000000094800000|  0%| F|  |TAMS 0x0000000094700000, 0x0000000094700000| Untracked 
| 328|0x0000000094800000, 0x0000000094800000, 0x0000000094900000|  0%| F|  |TAMS 0x0000000094800000, 0x0000000094800000| Untracked 
| 329|0x0000000094900000, 0x0000000094900000, 0x0000000094a00000|  0%| F|  |TAMS 0x0000000094900000, 0x0000000094900000| Untracked 
| 330|0x0000000094a00000, 0x0000000094a00000, 0x0000000094b00000|  0%| F|  |TAMS 0x0000000094a00000, 0x0000000094a00000| Untracked 
| 331|0x0000000094b00000, 0x0000000094b00000, 0x0000000094c00000|  0%| F|  |TAMS 0x0000000094b00000, 0x0000000094b00000| Untracked 
| 332|0x0000000094c00000, 0x0000000094c00000, 0x0000000094d00000|  0%| F|  |TAMS 0x0000000094c00000, 0x0000000094c00000| Untracked 
| 333|0x0000000094d00000, 0x0000000094d00000, 0x0000000094e00000|  0%| F|  |TAMS 0x0000000094d00000, 0x0000000094d00000| Untracked 
| 334|0x0000000094e00000, 0x0000000094e00000, 0x0000000094f00000|  0%| F|  |TAMS 0x0000000094e00000, 0x0000000094e00000| Untracked 
| 335|0x0000000094f00000, 0x0000000094f00000, 0x0000000095000000|  0%| F|  |TAMS 0x0000000094f00000, 0x0000000094f00000| Untracked 
| 336|0x0000000095000000, 0x0000000095000000, 0x0000000095100000|  0%| F|  |TAMS 0x0000000095000000, 0x0000000095000000| Untracked 
| 337|0x0000000095100000, 0x0000000095100000, 0x0000000095200000|  0%| F|  |TAMS 0x0000000095100000, 0x0000000095100000| Untracked 
| 338|0x0000000095200000, 0x0000000095200000, 0x0000000095300000|  0%| F|  |TAMS 0x0000000095200000, 0x0000000095200000| Untracked 
| 339|0x0000000095300000, 0x0000000095300000, 0x0000000095400000|  0%| F|  |TAMS 0x0000000095300000, 0x0000000095300000| Untracked 
| 340|0x0000000095400000, 0x0000000095400000, 0x0000000095500000|  0%| F|  |TAMS 0x0000000095400000, 0x0000000095400000| Untracked 
| 341|0x0000000095500000, 0x0000000095500000, 0x0000000095600000|  0%| F|  |TAMS 0x0000000095500000, 0x0000000095500000| Untracked 
| 342|0x0000000095600000, 0x0000000095600000, 0x0000000095700000|  0%| F|  |TAMS 0x0000000095600000, 0x0000000095600000| Untracked 
| 343|0x0000000095700000, 0x0000000095700000, 0x0000000095800000|  0%| F|  |TAMS 0x0000000095700000, 0x0000000095700000| Untracked 
| 344|0x0000000095800000, 0x0000000095800000, 0x0000000095900000|  0%| F|  |TAMS 0x0000000095800000, 0x0000000095800000| Untracked 
| 345|0x0000000095900000, 0x0000000095900000, 0x0000000095a00000|  0%| F|  |TAMS 0x0000000095900000, 0x0000000095900000| Untracked 
| 346|0x0000000095a00000, 0x0000000095a00000, 0x0000000095b00000|  0%| F|  |TAMS 0x0000000095a00000, 0x0000000095a00000| Untracked 
| 347|0x0000000095b00000, 0x0000000095b00000, 0x0000000095c00000|  0%| F|  |TAMS 0x0000000095b00000, 0x0000000095b00000| Untracked 
| 348|0x0000000095c00000, 0x0000000095c00000, 0x0000000095d00000|  0%| F|  |TAMS 0x0000000095c00000, 0x0000000095c00000| Untracked 
| 349|0x0000000095d00000, 0x0000000095d00000, 0x0000000095e00000|  0%| F|  |TAMS 0x0000000095d00000, 0x0000000095d00000| Untracked 
| 350|0x0000000095e00000, 0x0000000095e00000, 0x0000000095f00000|  0%| F|  |TAMS 0x0000000095e00000, 0x0000000095e00000| Untracked 
| 351|0x0000000095f00000, 0x0000000095f00000, 0x0000000096000000|  0%| F|  |TAMS 0x0000000095f00000, 0x0000000095f00000| Untracked 
| 352|0x0000000096000000, 0x0000000096000000, 0x0000000096100000|  0%| F|  |TAMS 0x0000000096000000, 0x0000000096000000| Untracked 
| 353|0x0000000096100000, 0x0000000096100000, 0x0000000096200000|  0%| F|  |TAMS 0x0000000096100000, 0x0000000096100000| Untracked 
| 354|0x0000000096200000, 0x0000000096200000, 0x0000000096300000|  0%| F|  |TAMS 0x0000000096200000, 0x0000000096200000| Untracked 
| 355|0x0000000096300000, 0x0000000096300000, 0x0000000096400000|  0%| F|  |TAMS 0x0000000096300000, 0x0000000096300000| Untracked 
| 356|0x0000000096400000, 0x0000000096400000, 0x0000000096500000|  0%| F|  |TAMS 0x0000000096400000, 0x0000000096400000| Untracked 
| 357|0x0000000096500000, 0x0000000096500000, 0x0000000096600000|  0%| F|  |TAMS 0x0000000096500000, 0x0000000096500000| Untracked 
| 358|0x0000000096600000, 0x0000000096600000, 0x0000000096700000|  0%| F|  |TAMS 0x0000000096600000, 0x0000000096600000| Untracked 
| 359|0x0000000096700000, 0x0000000096700000, 0x0000000096800000|  0%| F|  |TAMS 0x0000000096700000, 0x0000000096700000| Untracked 
| 360|0x0000000096800000, 0x0000000096800000, 0x0000000096900000|  0%| F|  |TAMS 0x0000000096800000, 0x0000000096800000| Untracked 
| 361|0x0000000096900000, 0x0000000096900000, 0x0000000096a00000|  0%| F|  |TAMS 0x0000000096900000, 0x0000000096900000| Untracked 
| 362|0x0000000096a00000, 0x0000000096a00000, 0x0000000096b00000|  0%| F|  |TAMS 0x0000000096a00000, 0x0000000096a00000| Untracked 
| 363|0x0000000096b00000, 0x0000000096b00000, 0x0000000096c00000|  0%| F|  |TAMS 0x0000000096b00000, 0x0000000096b00000| Untracked 
| 364|0x0000000096c00000, 0x0000000096d00000, 0x0000000096d00000|100%| S|CS|TAMS 0x0000000096c00000, 0x0000000096c00000| Complete 
| 365|0x0000000096d00000, 0x0000000096e00000, 0x0000000096e00000|100%| S|CS|TAMS 0x0000000096d00000, 0x0000000096d00000| Complete 
| 366|0x0000000096e00000, 0x0000000096f00000, 0x0000000096f00000|100%| S|CS|TAMS 0x0000000096e00000, 0x0000000096e00000| Complete 
| 367|0x0000000096f00000, 0x0000000097000000, 0x0000000097000000|100%| S|CS|TAMS 0x0000000096f00000, 0x0000000096f00000| Complete 
| 368|0x0000000097000000, 0x0000000097100000, 0x0000000097100000|100%| S|CS|TAMS 0x0000000097000000, 0x0000000097000000| Complete 
| 369|0x0000000097100000, 0x0000000097200000, 0x0000000097200000|100%| S|CS|TAMS 0x0000000097100000, 0x0000000097100000| Complete 
| 370|0x0000000097200000, 0x0000000097200000, 0x0000000097300000|  0%| F|  |TAMS 0x0000000097200000, 0x0000000097200000| Untracked 
| 371|0x0000000097300000, 0x0000000097300000, 0x0000000097400000|  0%| F|  |TAMS 0x0000000097300000, 0x0000000097300000| Untracked 
| 372|0x0000000097400000, 0x0000000097400000, 0x0000000097500000|  0%| F|  |TAMS 0x0000000097400000, 0x0000000097400000| Untracked 
| 373|0x0000000097500000, 0x0000000097500000, 0x0000000097600000|  0%| F|  |TAMS 0x0000000097500000, 0x0000000097500000| Untracked 
| 374|0x0000000097600000, 0x0000000097600000, 0x0000000097700000|  0%| F|  |TAMS 0x0000000097600000, 0x0000000097600000| Untracked 
| 375|0x0000000097700000, 0x0000000097700000, 0x0000000097800000|  0%| F|  |TAMS 0x0000000097700000, 0x0000000097700000| Untracked 
| 376|0x0000000097800000, 0x0000000097800000, 0x0000000097900000|  0%| F|  |TAMS 0x0000000097800000, 0x0000000097800000| Untracked 
| 377|0x0000000097900000, 0x0000000097900000, 0x0000000097a00000|  0%| F|  |TAMS 0x0000000097900000, 0x0000000097900000| Untracked 
| 378|0x0000000097a00000, 0x0000000097a00000, 0x0000000097b00000|  0%| F|  |TAMS 0x0000000097a00000, 0x0000000097a00000| Untracked 
| 379|0x0000000097b00000, 0x0000000097b00000, 0x0000000097c00000|  0%| F|  |TAMS 0x0000000097b00000, 0x0000000097b00000| Untracked 
| 380|0x0000000097c00000, 0x0000000097c00000, 0x0000000097d00000|  0%| F|  |TAMS 0x0000000097c00000, 0x0000000097c00000| Untracked 
| 381|0x0000000097d00000, 0x0000000097d00000, 0x0000000097e00000|  0%| F|  |TAMS 0x0000000097d00000, 0x0000000097d00000| Untracked 
| 382|0x0000000097e00000, 0x0000000097e00000, 0x0000000097f00000|  0%| F|  |TAMS 0x0000000097e00000, 0x0000000097e00000| Untracked 
| 383|0x0000000097f00000, 0x0000000097f00000, 0x0000000098000000|  0%| F|  |TAMS 0x0000000097f00000, 0x0000000097f00000| Untracked 
| 384|0x0000000098000000, 0x0000000098000000, 0x0000000098100000|  0%| F|  |TAMS 0x0000000098000000, 0x0000000098000000| Untracked 
| 385|0x0000000098100000, 0x0000000098100000, 0x0000000098200000|  0%| F|  |TAMS 0x0000000098100000, 0x0000000098100000| Untracked 
| 386|0x0000000098200000, 0x0000000098200000, 0x0000000098300000|  0%| F|  |TAMS 0x0000000098200000, 0x0000000098200000| Untracked 
| 387|0x0000000098300000, 0x0000000098300000, 0x0000000098400000|  0%| F|  |TAMS 0x0000000098300000, 0x0000000098300000| Untracked 
| 388|0x0000000098400000, 0x0000000098400000, 0x0000000098500000|  0%| F|  |TAMS 0x0000000098400000, 0x0000000098400000| Untracked 
| 389|0x0000000098500000, 0x0000000098500000, 0x0000000098600000|  0%| F|  |TAMS 0x0000000098500000, 0x0000000098500000| Untracked 
| 390|0x0000000098600000, 0x0000000098600000, 0x0000000098700000|  0%| F|  |TAMS 0x0000000098600000, 0x0000000098600000| Untracked 
| 391|0x0000000098700000, 0x0000000098700000, 0x0000000098800000|  0%| F|  |TAMS 0x0000000098700000, 0x0000000098700000| Untracked 
| 392|0x0000000098800000, 0x0000000098800000, 0x0000000098900000|  0%| F|  |TAMS 0x0000000098800000, 0x0000000098800000| Untracked 
| 393|0x0000000098900000, 0x0000000098900000, 0x0000000098a00000|  0%| F|  |TAMS 0x0000000098900000, 0x0000000098900000| Untracked 
| 394|0x0000000098a00000, 0x0000000098a00000, 0x0000000098b00000|  0%| F|  |TAMS 0x0000000098a00000, 0x0000000098a00000| Untracked 
| 395|0x0000000098b00000, 0x0000000098b00000, 0x0000000098c00000|  0%| F|  |TAMS 0x0000000098b00000, 0x0000000098b00000| Untracked 
| 396|0x0000000098c00000, 0x0000000098c00000, 0x0000000098d00000|  0%| F|  |TAMS 0x0000000098c00000, 0x0000000098c00000| Untracked 
| 397|0x0000000098d00000, 0x0000000098d00000, 0x0000000098e00000|  0%| F|  |TAMS 0x0000000098d00000, 0x0000000098d00000| Untracked 
| 398|0x0000000098e00000, 0x0000000098e00000, 0x0000000098f00000|  0%| F|  |TAMS 0x0000000098e00000, 0x0000000098e00000| Untracked 
| 399|0x0000000098f00000, 0x0000000098f00000, 0x0000000099000000|  0%| F|  |TAMS 0x0000000098f00000, 0x0000000098f00000| Untracked 
| 400|0x0000000099000000, 0x0000000099000000, 0x0000000099100000|  0%| F|  |TAMS 0x0000000099000000, 0x0000000099000000| Untracked 
| 401|0x0000000099100000, 0x0000000099100000, 0x0000000099200000|  0%| F|  |TAMS 0x0000000099100000, 0x0000000099100000| Untracked 
| 402|0x0000000099200000, 0x0000000099200000, 0x0000000099300000|  0%| F|  |TAMS 0x0000000099200000, 0x0000000099200000| Untracked 
| 403|0x0000000099300000, 0x0000000099300000, 0x0000000099400000|  0%| F|  |TAMS 0x0000000099300000, 0x0000000099300000| Untracked 
| 404|0x0000000099400000, 0x0000000099400000, 0x0000000099500000|  0%| F|  |TAMS 0x0000000099400000, 0x0000000099400000| Untracked 
| 405|0x0000000099500000, 0x0000000099500000, 0x0000000099600000|  0%| F|  |TAMS 0x0000000099500000, 0x0000000099500000| Untracked 
| 406|0x0000000099600000, 0x0000000099600000, 0x0000000099700000|  0%| F|  |TAMS 0x0000000099600000, 0x0000000099600000| Untracked 
| 407|0x0000000099700000, 0x0000000099700000, 0x0000000099800000|  0%| F|  |TAMS 0x0000000099700000, 0x0000000099700000| Untracked 
| 408|0x0000000099800000, 0x0000000099800000, 0x0000000099900000|  0%| F|  |TAMS 0x0000000099800000, 0x0000000099800000| Untracked 
| 409|0x0000000099900000, 0x0000000099900000, 0x0000000099a00000|  0%| F|  |TAMS 0x0000000099900000, 0x0000000099900000| Untracked 
| 410|0x0000000099a00000, 0x0000000099a00000, 0x0000000099b00000|  0%| F|  |TAMS 0x0000000099a00000, 0x0000000099a00000| Untracked 
| 411|0x0000000099b00000, 0x0000000099b00000, 0x0000000099c00000|  0%| F|  |TAMS 0x0000000099b00000, 0x0000000099b00000| Untracked 
| 412|0x0000000099c00000, 0x0000000099c00000, 0x0000000099d00000|  0%| F|  |TAMS 0x0000000099c00000, 0x0000000099c00000| Untracked 
| 413|0x0000000099d00000, 0x0000000099d00000, 0x0000000099e00000|  0%| F|  |TAMS 0x0000000099d00000, 0x0000000099d00000| Untracked 
|2028|0x00000000fec00000, 0x00000000fed00000, 0x00000000fed00000|100%| O|  |TAMS 0x00000000fec00000, 0x00000000fed00000| Untracked 
|2029|0x00000000fed00000, 0x00000000fee00000, 0x00000000fee00000|100%| O|  |TAMS 0x00000000fed00000, 0x00000000fee00000| Untracked 
|2030|0x00000000fee00000, 0x00000000fef00000, 0x00000000fef00000|100%| O|  |TAMS 0x00000000fee00000, 0x00000000fef00000| Untracked 
|2031|0x00000000fef00000, 0x00000000ff000000, 0x00000000ff000000|100%| O|  |TAMS 0x00000000fef00000, 0x00000000ff000000| Untracked 
|2032|0x00000000ff000000, 0x00000000ff100000, 0x00000000ff100000|100%| O|  |TAMS 0x00000000ff000000, 0x00000000ff100000| Untracked 
|2033|0x00000000ff100000, 0x00000000ff200000, 0x00000000ff200000|100%| O|  |TAMS 0x00000000ff100000, 0x00000000ff200000| Untracked 
|2034|0x00000000ff200000, 0x00000000ff300000, 0x00000000ff300000|100%| O|  |TAMS 0x00000000ff200000, 0x00000000ff300000| Untracked 
|2035|0x00000000ff300000, 0x00000000ff400000, 0x00000000ff400000|100%| O|  |TAMS 0x00000000ff300000, 0x00000000ff400000| Untracked 
|2036|0x00000000ff400000, 0x00000000ff500000, 0x00000000ff500000|100%| O|  |TAMS 0x00000000ff400000, 0x00000000ff500000| Untracked 
|2037|0x00000000ff500000, 0x00000000ff600000, 0x00000000ff600000|100%| O|  |TAMS 0x00000000ff500000, 0x00000000ff600000| Untracked 
|2038|0x00000000ff600000, 0x00000000ff700000, 0x00000000ff700000|100%| O|  |TAMS 0x00000000ff600000, 0x00000000ff700000| Untracked 
|2039|0x00000000ff700000, 0x00000000ff800000, 0x00000000ff800000|100%| O|  |TAMS 0x00000000ff700000, 0x00000000ff800000| Untracked 
|2040|0x00000000ff800000, 0x00000000ff900000, 0x00000000ff900000|100%| O|  |TAMS 0x00000000ff800000, 0x00000000ff900000| Untracked 
|2041|0x00000000ff900000, 0x00000000ffa00000, 0x00000000ffa00000|100%| O|  |TAMS 0x00000000ff900000, 0x00000000ffa00000| Untracked 
|2042|0x00000000ffa00000, 0x00000000ffb00000, 0x00000000ffb00000|100%| O|  |TAMS 0x00000000ffa00000, 0x00000000ffb00000| Untracked 
|2043|0x00000000ffb00000, 0x00000000ffc00000, 0x00000000ffc00000|100%| O|  |TAMS 0x00000000ffb00000, 0x00000000ffc00000| Untracked 
|2044|0x00000000ffc00000, 0x00000000ffd00000, 0x00000000ffd00000|100%| O|  |TAMS 0x00000000ffc00000, 0x00000000ffd00000| Untracked 
|2045|0x00000000ffd00000, 0x00000000ffe00000, 0x00000000ffe00000|100%| O|  |TAMS 0x00000000ffd00000, 0x00000000ffe00000| Untracked 
|2046|0x00000000ffe00000, 0x00000000fff00000, 0x00000000fff00000|100%| O|  |TAMS 0x00000000ffe00000, 0x00000000fff00000| Untracked 
|2047|0x00000000fff00000, 0x0000000100000000, 0x0000000100000000|100%| O|  |TAMS 0x00000000fff00000, 0x0000000100000000| Untracked 

Card table byte_map: [0x000001fd55a30000,0x000001fd55e30000] _byte_map_base: 0x000001fd55630000

Marking Bits (Prev, Next): (CMBitMap*) 0x000001fd42e8bdf0, (CMBitMap*) 0x000001fd42e8bdb0
 Prev Bits: [0x000001fd58230000, 0x000001fd5a230000)
 Next Bits: [0x000001fd56230000, 0x000001fd58230000)

Polling page: 0x000001fd425e0000

Metaspace:

Usage:
  Non-class:    115.96 MB used.
      Class:     17.71 MB used.
       Both:    133.67 MB used.

Virtual space:
  Non-class space:      128.00 MB reserved,     116.50 MB ( 91%) committed,  2 nodes.
      Class space:        1.00 GB reserved,      18.19 MB (  2%) committed,  1 nodes.
             Both:        1.12 GB reserved,     134.69 MB ( 12%) committed. 

Chunk freelists:
   Non-Class:  11.41 MB
       Class:  13.81 MB
        Both:  25.22 MB

MaxMetaspaceSize: unlimited
CompressedClassSpaceSize: 1.00 GB
Initial GC threshold: 21.00 MB
Current GC threshold: 219.50 MB
CDS: off
MetaspaceReclaimPolicy: balanced
 - commit_granule_bytes: 65536.
 - commit_granule_words: 8192.
 - virtual_space_node_default_size: 8388608.
 - enlarge_chunks_in_place: 1.
 - new_chunks_are_fully_committed: 0.
 - uncommit_free_chunks: 1.
 - use_allocation_guard: 0.
 - handle_deallocations: 1.


Internal statistics:

num_allocs_failed_limit: 8.
num_arena_births: 1584.
num_arena_deaths: 4.
num_vsnodes_births: 3.
num_vsnodes_deaths: 0.
num_space_committed: 2153.
num_space_uncommitted: 0.
num_chunks_returned_to_freelist: 28.
num_chunks_taken_from_freelist: 6986.
num_chunk_merges: 9.
num_chunk_splits: 4610.
num_chunks_enlarged: 3059.
num_inconsistent_stats: 0.

CodeHeap 'non-profiled nmethods': size=120000Kb used=10794Kb max_used=10794Kb free=109205Kb
 bounds [0x000001fd4ddd0000, 0x000001fd4e860000, 0x000001fd55300000]
CodeHeap 'profiled nmethods': size=120000Kb used=34809Kb max_used=34809Kb free=85190Kb
 bounds [0x000001fd46300000, 0x000001fd48500000, 0x000001fd4d830000]
CodeHeap 'non-nmethods': size=5760Kb used=2545Kb max_used=2599Kb free=3214Kb
 bounds [0x000001fd4d830000, 0x000001fd4dad0000, 0x000001fd4ddd0000]
 total_blobs=18149 nmethods=17128 adapters=931
 compilation: enabled
              stopped_count=0, restarted_count=0
 full_count=0

Compilation events (20 events):
Event: 79.998 Thread 0x000001fd61032420 20402   !   2       java.util.concurrent.ConcurrentHashMap::putVal (432 bytes)
Event: 80.035 Thread 0x000001fd61032420 nmethod 20402 0x000001fd484e6e90 code [0x000001fd484e7160, 0x000001fd484e8268]
Event: 80.042 Thread 0x000001fd61032420 20404   !   3       java.util.concurrent.ConcurrentHashMap::transfer (849 bytes)
Event: 80.049 Thread 0x000001fd61032420 nmethod 20404 0x000001fd484e8c10 code [0x000001fd484e9040, 0x000001fd484eb738]
Event: 80.228 Thread 0x000001fd61032420 20409 %     3       com.android.tools.r8.internal.mi0::a @ 186 (515 bytes)
Event: 80.241 Thread 0x000001fd61032420 nmethod 20409% 0x000001fd484eca90 code [0x000001fd484ed500, 0x000001fd484f36e8]
Event: 80.264 Thread 0x000001fd61032420 20410 %     3       com.android.tools.r8.internal.eT::d @ 68 (195 bytes)
Event: 80.267 Thread 0x000001fd61032420 nmethod 20410% 0x000001fd484f5a10 code [0x000001fd484f5c80, 0x000001fd484f6a58]
Event: 80.290 Thread 0x000001fd61032420 20411 % !   3       java.util.concurrent.ConcurrentHashMap::putVal @ 212 (432 bytes)
Event: 80.296 Thread 0x000001fd61032420 nmethod 20411% 0x000001fd484f7110 code [0x000001fd484f74a0, 0x000001fd484f9f28]
Event: 80.298 Thread 0x000001fd61032420 20412   !   3       java.util.concurrent.ConcurrentHashMap::putVal (432 bytes)
Event: 80.303 Thread 0x000001fd61032420 nmethod 20412 0x000001fd484fac10 code [0x000001fd484fafa0, 0x000001fd484fcba8]
Event: 80.363 Thread 0x000001fd61032420 20414   !   2       com.android.tools.r8.dex.n::a (100 bytes)
Event: 80.364 Thread 0x000001fd61032420 nmethod 20414 0x000001fd484fd690 code [0x000001fd484fd880, 0x000001fd484fdc58]
Event: 80.395 Thread 0x000001fd61032420 20418       2       java.security.AccessController::getContext (23 bytes)
Event: 80.395 Thread 0x000001fd61032420 nmethod 20418 0x000001fd484fde10 code [0x000001fd484fdfc0, 0x000001fd484fe178]
Event: 80.396 Thread 0x000001fd61032420 20419       2       com.android.tools.r8.dex.m::c (8 bytes)
Event: 80.397 Thread 0x000001fd61032420 nmethod 20419 0x000001fd484fe290 code [0x000001fd484fe420, 0x000001fd484fe568]
Event: 80.427 Thread 0x000001fd61031250 nmethod 20316% 0x000001fd4e84b690 code [0x000001fd4e84bda0, 0x000001fd4e854e50]
Event: 80.427 Thread 0x000001fd61031250 20408       4       java.lang.Long::parseLong (272 bytes)

GC Heap History (20 events):
Event: 67.213 GC heap after
{Heap after GC invocations=61 (full 0):
 garbage-first heap   total 346112K, used 193866K [0x0000000080000000, 0x0000000100000000)
  region size 1024K, 12 young (12288K), 12 survivors (12288K)
 Metaspace       used 126213K, committed 127168K, reserved 1179648K
  class space    used 16792K, committed 17216K, reserved 1048576K
}
Event: 68.095 GC heap before
{Heap before GC invocations=62 (full 0):
 garbage-first heap   total 353280K, used 269642K [0x0000000080000000, 0x0000000100000000)
  region size 1024K, 94 young (96256K), 12 survivors (12288K)
 Metaspace       used 127218K, committed 128128K, reserved 1179648K
  class space    used 16879K, committed 17344K, reserved 1048576K
}
Event: 68.110 GC heap after
{Heap after GC invocations=63 (full 0):
 garbage-first heap   total 353280K, used 187279K [0x0000000080000000, 0x0000000100000000)
  region size 1024K, 8 young (8192K), 8 survivors (8192K)
 Metaspace       used 127218K, committed 128128K, reserved 1179648K
  class space    used 16879K, committed 17344K, reserved 1048576K
}
Event: 68.213 GC heap before
{Heap before GC invocations=63 (full 0):
 garbage-first heap   total 353280K, used 195471K [0x0000000080000000, 0x0000000100000000)
  region size 1024K, 17 young (17408K), 8 survivors (8192K)
 Metaspace       used 127336K, committed 128256K, reserved 1179648K
  class space    used 16888K, committed 17344K, reserved 1048576K
}
Event: 68.225 GC heap after
{Heap after GC invocations=64 (full 0):
 garbage-first heap   total 423936K, used 168936K [0x0000000080000000, 0x0000000100000000)
  region size 1024K, 3 young (3072K), 3 survivors (3072K)
 Metaspace       used 127336K, committed 128256K, reserved 1179648K
  class space    used 16888K, committed 17344K, reserved 1048576K
}
Event: 71.514 GC heap before
{Heap before GC invocations=64 (full 0):
 garbage-first heap   total 423936K, used 325608K [0x0000000080000000, 0x0000000100000000)
  region size 1024K, 156 young (159744K), 3 survivors (3072K)
 Metaspace       used 129882K, committed 130816K, reserved 1179648K
  class space    used 17171K, committed 17600K, reserved 1048576K
}
Event: 71.528 GC heap after
{Heap after GC invocations=65 (full 0):
 garbage-first heap   total 423936K, used 176456K [0x0000000080000000, 0x0000000100000000)
  region size 1024K, 10 young (10240K), 10 survivors (10240K)
 Metaspace       used 129882K, committed 130816K, reserved 1179648K
  class space    used 17171K, committed 17600K, reserved 1048576K
}
Event: 76.080 GC heap before
{Heap before GC invocations=65 (full 0):
 garbage-first heap   total 423936K, used 331080K [0x0000000080000000, 0x0000000100000000)
  region size 1024K, 162 young (165888K), 10 survivors (10240K)
 Metaspace       used 131779K, committed 132736K, reserved 1179648K
  class space    used 17402K, committed 17856K, reserved 1048576K
}
Event: 76.102 GC heap after
{Heap after GC invocations=66 (full 0):
 garbage-first heap   total 423936K, used 182899K [0x0000000080000000, 0x0000000100000000)
  region size 1024K, 16 young (16384K), 16 survivors (16384K)
 Metaspace       used 131779K, committed 132736K, reserved 1179648K
  class space    used 17402K, committed 17856K, reserved 1048576K
}
Event: 77.009 GC heap before
{Heap before GC invocations=66 (full 0):
 garbage-first heap   total 423936K, used 259699K [0x0000000080000000, 0x0000000100000000)
  region size 1024K, 93 young (95232K), 16 survivors (16384K)
 Metaspace       used 132368K, committed 133376K, reserved 1179648K
  class space    used 17479K, committed 17984K, reserved 1048576K
}
Event: 77.041 GC heap after
{Heap after GC invocations=67 (full 0):
 garbage-first heap   total 423936K, used 184407K [0x0000000080000000, 0x0000000100000000)
  region size 1024K, 10 young (10240K), 10 survivors (10240K)
 Metaspace       used 132368K, committed 133376K, reserved 1179648K
  class space    used 17479K, committed 17984K, reserved 1048576K
}
Event: 79.186 GC heap before
{Heap before GC invocations=68 (full 0):
 garbage-first heap   total 423936K, used 395351K [0x0000000080000000, 0x0000000100000000)
  region size 1024K, 149 young (152576K), 10 survivors (10240K)
 Metaspace       used 136700K, committed 137728K, reserved 1179648K
  class space    used 18103K, committed 18624K, reserved 1048576K
}
Event: 79.220 GC heap after
{Heap after GC invocations=69 (full 0):
 garbage-first heap   total 444416K, used 259918K [0x0000000080000000, 0x0000000100000000)
  region size 1024K, 21 young (21504K), 21 survivors (21504K)
 Metaspace       used 136700K, committed 137728K, reserved 1179648K
  class space    used 18103K, committed 18624K, reserved 1048576K
}
Event: 79.228 GC heap before
{Heap before GC invocations=69 (full 0):
 garbage-first heap   total 444416K, used 260942K [0x0000000080000000, 0x0000000100000000)
  region size 1024K, 22 young (22528K), 21 survivors (21504K)
 Metaspace       used 136700K, committed 137728K, reserved 1179648K
  class space    used 18103K, committed 18624K, reserved 1048576K
}
Event: 79.253 GC heap after
{Heap after GC invocations=70 (full 0):
 garbage-first heap   total 444416K, used 253441K [0x0000000080000000, 0x0000000100000000)
  region size 1024K, 3 young (3072K), 3 survivors (3072K)
 Metaspace       used 136700K, committed 137728K, reserved 1179648K
  class space    used 18103K, committed 18624K, reserved 1048576K
}
Event: 79.913 GC heap before
{Heap before GC invocations=70 (full 0):
 garbage-first heap   total 444416K, used 370177K [0x0000000080000000, 0x0000000100000000)
  region size 1024K, 105 young (107520K), 3 survivors (3072K)
 Metaspace       used 136712K, committed 137792K, reserved 1179648K
  class space    used 18103K, committed 18624K, reserved 1048576K
}
Event: 79.971 GC heap after
{Heap after GC invocations=71 (full 0):
 garbage-first heap   total 444416K, used 301450K [0x0000000080000000, 0x0000000100000000)
  region size 1024K, 14 young (14336K), 14 survivors (14336K)
 Metaspace       used 136712K, committed 137792K, reserved 1179648K
  class space    used 18103K, committed 18624K, reserved 1048576K
}
Event: 80.006 GC heap before
{Heap before GC invocations=71 (full 0):
 garbage-first heap   total 444416K, used 303498K [0x0000000080000000, 0x0000000100000000)
  region size 1024K, 17 young (17408K), 14 survivors (14336K)
 Metaspace       used 136727K, committed 137792K, reserved 1179648K
  class space    used 18104K, committed 18624K, reserved 1048576K
}
Event: 80.033 GC heap after
{Heap after GC invocations=72 (full 0):
 garbage-first heap   total 444416K, used 306479K [0x0000000080000000, 0x0000000100000000)
  region size 1024K, 3 young (3072K), 3 survivors (3072K)
 Metaspace       used 136727K, committed 137792K, reserved 1179648K
  class space    used 18104K, committed 18624K, reserved 1048576K
}
Event: 80.429 GC heap before
{Heap before GC invocations=72 (full 0):
 garbage-first heap   total 444416K, used 350511K [0x0000000080000000, 0x0000000100000000)
  region size 1024K, 44 young (45056K), 3 survivors (3072K)
 Metaspace       used 136878K, committed 137920K, reserved 1179648K
  class space    used 18130K, committed 18624K, reserved 1048576K
}

Dll operation events (3 events):
Event: 0.027 Loaded shared library C:\Program Files\Android\Android Studio\jbr\bin\java.dll
Event: 0.661 Loaded shared library C:\Program Files\Android\Android Studio\jbr\bin\zip.dll
Event: 2.028 Loaded shared library C:\Program Files\Android\Android Studio\jbr\bin\verify.dll

Deoptimization events (20 events):
Event: 80.427 Thread 0x000001fd64e1c9e0 DEOPT PACKING pc=0x000001fd4842f3d4 sp=0x0000003ac72fa910
Event: 80.427 Thread 0x000001fd64e1c9e0 DEOPT UNPACKING pc=0x000001fd4d887143 sp=0x0000003ac72f9db8 mode 1
Event: 80.427 Thread 0x000001fd64e1c9e0 DEOPT PACKING pc=0x000001fd465b801c sp=0x0000003ac72fa980
Event: 80.427 Thread 0x000001fd64e1c9e0 DEOPT UNPACKING pc=0x000001fd4d887143 sp=0x0000003ac72f9e68 mode 1
Event: 80.427 Thread 0x000001fd64e1c9e0 DEOPT PACKING pc=0x000001fd465b801c sp=0x0000003ac72faa60
Event: 80.427 Thread 0x000001fd64e1c9e0 DEOPT UNPACKING pc=0x000001fd4d887143 sp=0x0000003ac72f9f48 mode 1
Event: 80.427 Thread 0x000001fd6f6a6fb0 DEOPT PACKING pc=0x000001fd48248ac4 sp=0x0000003ac14f9710
Event: 80.427 Thread 0x000001fd6f6a6fb0 DEOPT UNPACKING pc=0x000001fd4d887143 sp=0x0000003ac14f8c58 mode 1
Event: 80.429 Thread 0x000001fd64e1c9e0 DEOPT PACKING pc=0x000001fd4731f124 sp=0x0000003ac72fa760
Event: 80.429 Thread 0x000001fd64e1c9e0 DEOPT UNPACKING pc=0x000001fd4d887143 sp=0x0000003ac72f9b98 mode 1
Event: 80.429 Thread 0x000001fd64e1c9e0 DEOPT PACKING pc=0x000001fd465b801c sp=0x0000003ac72fa830
Event: 80.429 Thread 0x000001fd64e1c9e0 DEOPT UNPACKING pc=0x000001fd4d887143 sp=0x0000003ac72f9d18 mode 1
Event: 80.429 Thread 0x000001fd64e1c9e0 DEOPT PACKING pc=0x000001fd47318e21 sp=0x0000003ac72fa7f0
Event: 80.429 Thread 0x000001fd64e1c9e0 DEOPT UNPACKING pc=0x000001fd4d887143 sp=0x0000003ac72f9ca8 mode 1
Event: 80.429 Thread 0x000001fd64e1c9e0 DEOPT PACKING pc=0x000001fd4842f3d4 sp=0x0000003ac72fa910
Event: 80.429 Thread 0x000001fd64e1c9e0 DEOPT UNPACKING pc=0x000001fd4d887143 sp=0x0000003ac72f9db8 mode 1
Event: 80.429 Thread 0x000001fd64e1c9e0 DEOPT PACKING pc=0x000001fd465b801c sp=0x0000003ac72fa980
Event: 80.429 Thread 0x000001fd64e1c9e0 DEOPT UNPACKING pc=0x000001fd4d887143 sp=0x0000003ac72f9e68 mode 1
Event: 80.429 Thread 0x000001fd64e1c9e0 DEOPT PACKING pc=0x000001fd465b801c sp=0x0000003ac72faa60
Event: 80.429 Thread 0x000001fd64e1c9e0 DEOPT UNPACKING pc=0x000001fd4d887143 sp=0x0000003ac72f9f48 mode 1

Classes unloaded (20 events):
Event: 29.110 Thread 0x000001fd5cc7dc80 Unloading class 0x00000001007868c0 'GradleTasksUtil$_filterTasks_closure5'
Event: 29.110 Thread 0x000001fd5cc7dc80 Unloading class 0x00000001007864b0 'GradleTasksUtil$_filterTasks_closure4'
Event: 29.110 Thread 0x000001fd5cc7dc80 Unloading class 0x00000001007860a0 'GradleTasksUtil$_filterTasks_closure3'
Event: 29.110 Thread 0x000001fd5cc7dc80 Unloading class 0x0000000100785c90 'GradleTasksUtil$_isMatchedTask_closure2$_closure10'
Event: 29.110 Thread 0x000001fd5cc7dc80 Unloading class 0x0000000100785880 'GradleTasksUtil$_isMatchedTask_closure2'
Event: 29.110 Thread 0x000001fd5cc7dc80 Unloading class 0x0000000100785470 'GradleTasksUtil$_isMatchedTask_closure1'
Event: 29.110 Thread 0x000001fd5cc7dc80 Unloading class 0x00000001007851c0 'GradleTasksUtil'
Event: 29.110 Thread 0x000001fd5cc7dc80 Unloading class 0x0000000100784db0 '_BuildScript_$1$_asArguments_closure1'
Event: 29.110 Thread 0x000001fd5cc7dc80 Unloading class 0x0000000100784ae0 '_BuildScript_$1'
Event: 29.110 Thread 0x000001fd5cc7dc80 Unloading class 0x00000001007846d0 'SetupUtpTestResultListenerAction$_execute_closure1$_closure2'
Event: 29.110 Thread 0x000001fd5cc7dc80 Unloading class 0x00000001007842c0 'SetupUtpTestResultListenerAction$_execute_closure1'
Event: 29.110 Thread 0x000001fd5cc7dc80 Unloading class 0x0000000100784000 'SetupUtpTestResultListenerAction'
Event: 29.110 Thread 0x000001fd5cc7dc80 Unloading class 0x000000010077db20 'KotlinMppTestLogger$2'
Event: 29.110 Thread 0x000001fd5cc7dc80 Unloading class 0x000000010077d820 'KotlinMppTestLogger$1'
Event: 29.110 Thread 0x000001fd5cc7dc80 Unloading class 0x000000010077d410 'KotlinMppTestLogger$_logConfigurationError_closure2'
Event: 29.110 Thread 0x000001fd5cc7dc80 Unloading class 0x000000010077d000 'KotlinMppTestLogger$_logTestEvent_closure1$_closure3$_closure5'
Event: 29.110 Thread 0x000001fd5cc7dc80 Unloading class 0x000000010077cad0 'KotlinMppTestLogger$_logTestEvent_closure1$_closure3$_closure4'
Event: 29.110 Thread 0x000001fd5cc7dc80 Unloading class 0x000000010077c6c0 'KotlinMppTestLogger$_logTestEvent_closure1$_closure3'
Event: 29.110 Thread 0x000001fd5cc7dc80 Unloading class 0x000000010077c2b0 'KotlinMppTestLogger$_logTestEvent_closure1'
Event: 29.111 Thread 0x000001fd5cc7dc80 Unloading class 0x000000010077c000 'KotlinMppTestLogger'

Classes redefined (0 events):
No events

Internal exceptions (20 events):
Event: 77.108 Thread 0x000001fd6f6a1eb0 Exception <a 'sun/nio/fs/WindowsException'{0x0000000099a50380}> (0x0000000099a50380) 
thrown [s\src\hotspot\share\prims\jni.cpp, line 517]
Event: 77.108 Thread 0x000001fd6f6a1eb0 Exception <a 'sun/nio/fs/WindowsException'{0x0000000099a50810}> (0x0000000099a50810) 
thrown [s\src\hotspot\share\prims\jni.cpp, line 517]
Event: 77.108 Thread 0x000001fd6f6a1eb0 Exception <a 'sun/nio/fs/WindowsException'{0x0000000099a52670}> (0x0000000099a52670) 
thrown [s\src\hotspot\share\prims\jni.cpp, line 517]
Event: 77.137 Thread 0x000001fd6f6a1eb0 Exception <a 'sun/nio/fs/WindowsException'{0x00000000998067d0}> (0x00000000998067d0) 
thrown [s\src\hotspot\share\prims\jni.cpp, line 517]
Event: 77.137 Thread 0x000001fd6f6a1eb0 Exception <a 'sun/nio/fs/WindowsException'{0x00000000998076e0}> (0x00000000998076e0) 
thrown [s\src\hotspot\share\prims\jni.cpp, line 517]
Event: 77.138 Thread 0x000001fd6f6a1eb0 Exception <a 'sun/nio/fs/WindowsException'{0x0000000099807770}> (0x0000000099807770) 
thrown [s\src\hotspot\share\prims\jni.cpp, line 517]
Event: 77.138 Thread 0x000001fd6f6a1eb0 Exception <a 'sun/nio/fs/WindowsException'{0x0000000099807ca0}> (0x0000000099807ca0) 
thrown [s\src\hotspot\share\prims\jni.cpp, line 517]
Event: 77.159 Thread 0x000001fd6f6a1eb0 Exception <a 'sun/nio/fs/WindowsException'{0x00000000998f73d8}> (0x00000000998f73d8) 
thrown [s\src\hotspot\share\prims\jni.cpp, line 517]
Event: 77.160 Thread 0x000001fd6f6a1eb0 Exception <a 'sun/nio/fs/WindowsException'{0x00000000998f7908}> (0x00000000998f7908) 
thrown [s\src\hotspot\share\prims\jni.cpp, line 517]
Event: 77.160 Thread 0x000001fd6f6a1eb0 Exception <a 'sun/nio/fs/WindowsException'{0x00000000998f9710}> (0x00000000998f9710) 
thrown [s\src\hotspot\share\prims\jni.cpp, line 517]
Event: 77.572 Thread 0x000001fd6760b220 Exception <a 'sun/nio/fs/WindowsException'{0x0000000098656f68}> (0x0000000098656f68) 
thrown [s\src\hotspot\share\prims\jni.cpp, line 517]
Event: 77.857 Thread 0x000001fd6f6a6fb0 Exception <a 'sun/nio/fs/WindowsException'{0x0000000097a65b68}> (0x0000000097a65b68) 
thrown [s\src\hotspot\share\prims\jni.cpp, line 517]
Event: 77.859 Thread 0x000001fd6f6a6fb0 Exception <a 'sun/nio/fs/WindowsException'{0x0000000097a66e58}> (0x0000000097a66e58) 
thrown [s\src\hotspot\share\prims\jni.cpp, line 517]
Event: 77.859 Thread 0x000001fd6f6a6fb0 Exception <a 'sun/nio/fs/WindowsException'{0x0000000097a66ee8}> (0x0000000097a66ee8) 
thrown [s\src\hotspot\share\prims\jni.cpp, line 517]
Event: 77.859 Thread 0x000001fd6f6a6fb0 Exception <a 'sun/nio/fs/WindowsException'{0x0000000097a67458}> (0x0000000097a67458) 
thrown [s\src\hotspot\share\prims\jni.cpp, line 517]
Event: 77.860 Thread 0x000001fd6f6a6fb0 Exception <a 'sun/nio/fs/WindowsException'{0x0000000097a6a990}> (0x0000000097a6a990) 
thrown [s\src\hotspot\share\prims\jni.cpp, line 517]
Event: 78.082 Thread 0x000001fd6f6a6fb0 Implicit null exception at 0x000001fd4e6386b4 to 0x000001fd4e638740
Event: 78.758 Thread 0x000001fd6760b220 Exception <a 'java/lang/NoSuchMethodError'{0x00000000951a9238}: 'java.lang.Object java.lang.invoke.DirectMethodHandle$Holder.invokeStaticInit(java.lang.Object, java.lang.Object, java.lang.Object, java.lang.Object, java.lang.Object, java.lang.Object, java.lang.Object, java.lang.Object, java.lang.Object, java.lang.Object, java.lang.Object, java.lang.Object, java.lang.Object, java.lang.Object, java.lang.Object, java.lang.Object, java.lang.Object, java.lang.Object, java.lang.Object, java.lang.Object, int, java
Event: 80.397 Thread 0x000001fd64e1ed50 Implicit null exception at 0x000001fd4de49a2c to 0x000001fd4de4a5f0
Event: 80.398 Thread 0x000001fd64e1ed50 Exception <a 'java/lang/IncompatibleClassChangeError'{0x000000009733d130}: Found class java.lang.Object, but interface was expected> (0x000000009733d130) 
thrown [s\src\hotspot\share\interpreter\linkResolver.cpp, line 838]

VM Operations (20 events):
Event: 76.850 Executing VM operation: HandshakeAllThreads done
Event: 76.985 Executing VM operation: HandshakeAllThreads
Event: 76.986 Executing VM operation: HandshakeAllThreads done
Event: 77.009 Executing VM operation: G1TryInitiateConcMark
Event: 77.041 Executing VM operation: G1TryInitiateConcMark done
Event: 77.655 Executing VM operation: G1PauseRemark
Event: 77.673 Executing VM operation: G1PauseRemark done
Event: 77.823 Executing VM operation: G1PauseCleanup
Event: 77.824 Executing VM operation: G1PauseCleanup done
Event: 78.834 Executing VM operation: Cleanup
Event: 78.836 Executing VM operation: Cleanup done
Event: 79.186 Executing VM operation: G1CollectForAllocation
Event: 79.220 Executing VM operation: G1CollectForAllocation done
Event: 79.228 Executing VM operation: G1CollectForAllocation
Event: 79.253 Executing VM operation: G1CollectForAllocation done
Event: 79.913 Executing VM operation: G1CollectForAllocation
Event: 79.973 Executing VM operation: G1CollectForAllocation done
Event: 79.998 Executing VM operation: G1TryInitiateConcMark
Event: 80.035 Executing VM operation: G1TryInitiateConcMark done
Event: 80.429 Executing VM operation: G1CollectForAllocation

Events (20 events):
Event: 79.990 loading class java/util/concurrent/ConcurrentHashMap$TreeNode
Event: 79.991 loading class java/util/concurrent/ConcurrentHashMap$TreeNode done
Event: 79.997 loading class java/util/concurrent/ConcurrentHashMap$TreeBin
Event: 79.998 loading class java/util/concurrent/ConcurrentHashMap$TreeBin done
Event: 80.381 loading class java/util/concurrent/ForkJoinTask$AdaptedCallable
Event: 80.381 loading class java/util/concurrent/ForkJoinTask
Event: 80.384 loading class java/util/concurrent/ForkJoinTask done
Event: 80.384 loading class java/util/concurrent/ForkJoinTask$AdaptedCallable done
Event: 80.385 loading class java/util/concurrent/ForkJoinTask$Aux
Event: 80.386 loading class java/util/concurrent/ForkJoinTask$Aux done
Event: 80.388 loading class java/util/concurrent/ForkJoinPool$DefaultForkJoinWorkerThreadFactory$1
Event: 80.389 loading class java/util/concurrent/ForkJoinPool$DefaultForkJoinWorkerThreadFactory$1 done
Event: 80.390 Thread 0x000001fd64e1ed50 Thread added: 0x000001fd64e1ed50
Event: 80.392 Thread 0x000001fd64e1b5a0 Thread added: 0x000001fd64e1b5a0
Event: 80.394 Thread 0x000001fd64e210c0 Thread added: 0x000001fd64e210c0
Event: 80.395 Thread 0x000001fd64e1c9e0 Thread added: 0x000001fd64e1c9e0
Event: 80.397 Thread 0x000001fd64e1e330 Thread added: 0x000001fd64e1e330
Event: 80.410 Thread 0x000001fd64e1f770 Thread added: 0x000001fd64e1f770
Event: 80.411 Thread 0x000001fd64e1cef0 Thread added: 0x000001fd64e1cef0
Event: 80.413 Thread 0x000001fd64e1de20 Thread added: 0x000001fd64e1de20


Dynamic libraries:
0x00007ff777000000 - 0x00007ff77700a000 	C:\Program Files\Android\Android Studio\jbr\bin\java.exe
0x00007fff0fb50000 - 0x00007fff0fd67000 	C:\WINDOWS\SYSTEM32\ntdll.dll
0x00007fff0f020000 - 0x00007fff0f0e4000 	C:\WINDOWS\System32\KERNEL32.DLL
0x00007fff0d150000 - 0x00007fff0d509000 	C:\WINDOWS\System32\KERNELBASE.dll
0x00007fff0d590000 - 0x00007fff0d6a1000 	C:\WINDOWS\System32\ucrtbase.dll
0x00007fff01780000 - 0x00007fff01797000 	C:\Program Files\Android\Android Studio\jbr\bin\jli.dll
0x00007fff064a0000 - 0x00007fff064bb000 	C:\Program Files\Android\Android Studio\jbr\bin\VCRUNTIME140.dll
0x00007fff0ec10000 - 0x00007fff0edbe000 	C:\WINDOWS\System32\USER32.dll
0x00007fff0d720000 - 0x00007fff0d746000 	C:\WINDOWS\System32\win32u.dll
0x00007ffef2bf0000 - 0x00007ffef2e82000 	C:\WINDOWS\WinSxS\amd64_microsoft.windows.common-controls_6595b64144ccf1df_6.0.22621.4391_none_2715d37f73803e96\COMCTL32.dll
0x00007fff0ea70000 - 0x00007fff0ea99000 	C:\WINDOWS\System32\GDI32.dll
0x00007fff0eb60000 - 0x00007fff0ec07000 	C:\WINDOWS\System32\msvcrt.dll
0x00007fff0d750000 - 0x00007fff0d86b000 	C:\WINDOWS\System32\gdi32full.dll
0x00007fff0cf10000 - 0x00007fff0cfaa000 	C:\WINDOWS\System32\msvcp_win.dll
0x00007fff0d870000 - 0x00007fff0d8a1000 	C:\WINDOWS\System32\IMM32.DLL
0x00007fff07e40000 - 0x00007fff07e4c000 	C:\Program Files\Android\Android Studio\jbr\bin\vcruntime140_1.dll
0x00007ffeeaf30000 - 0x00007ffeeafbd000 	C:\Program Files\Android\Android Studio\jbr\bin\msvcp140.dll
0x00007ffe5e540000 - 0x00007ffe5f1c3000 	C:\Program Files\Android\Android Studio\jbr\bin\server\jvm.dll
0x00007fff0da90000 - 0x00007fff0db42000 	C:\WINDOWS\System32\ADVAPI32.dll
0x00007fff0f890000 - 0x00007fff0f937000 	C:\WINDOWS\System32\sechost.dll
0x00007fff0cfb0000 - 0x00007fff0cfd8000 	C:\WINDOWS\System32\bcrypt.dll
0x00007fff0edc0000 - 0x00007fff0eed4000 	C:\WINDOWS\System32\RPCRT4.dll
0x00007fff0cd20000 - 0x00007fff0cd6d000 	C:\WINDOWS\SYSTEM32\POWRPROF.dll
0x00007fff04400000 - 0x00007fff04434000 	C:\WINDOWS\SYSTEM32\WINMM.dll
0x00007fff05060000 - 0x00007fff0506a000 	C:\WINDOWS\SYSTEM32\VERSION.dll
0x00007ffea7cf0000 - 0x00007ffea7cf9000 	C:\WINDOWS\SYSTEM32\WSOCK32.dll
0x00007fff0f790000 - 0x00007fff0f801000 	C:\WINDOWS\System32\WS2_32.dll
0x00007fff0cd00000 - 0x00007fff0cd13000 	C:\WINDOWS\SYSTEM32\UMPDC.dll
0x00007fff0be60000 - 0x00007fff0be78000 	C:\WINDOWS\SYSTEM32\kernel.appcore.dll
0x00007fff07d00000 - 0x00007fff07d0a000 	C:\Program Files\Android\Android Studio\jbr\bin\jimage.dll
0x00007fff0a830000 - 0x00007fff0aa62000 	C:\WINDOWS\SYSTEM32\DBGHELP.DLL
0x00007fff0db50000 - 0x00007fff0dedf000 	C:\WINDOWS\System32\combase.dll
0x00007fff0f5b0000 - 0x00007fff0f687000 	C:\WINDOWS\System32\OLEAUT32.dll
0x00007ffef1ad0000 - 0x00007ffef1b02000 	C:\WINDOWS\SYSTEM32\dbgcore.DLL
0x00007fff0d510000 - 0x00007fff0d58b000 	C:\WINDOWS\System32\bcryptPrimitives.dll
0x00007ffee8c10000 - 0x00007ffee8c4b000 	C:\Program Files\Android\Android Studio\jbr\bin\jdwp.dll
0x00007fff016c0000 - 0x00007fff016ce000 	C:\Program Files\Android\Android Studio\jbr\bin\instrument.dll
0x00007ffeee7b0000 - 0x00007ffeee7d5000 	C:\Program Files\Android\Android Studio\jbr\bin\java.dll
0x00007ffef29e0000 - 0x00007ffef29f8000 	C:\Program Files\Android\Android Studio\jbr\bin\zip.dll
0x00007fff0dee0000 - 0x00007fff0e756000 	C:\WINDOWS\System32\SHELL32.dll
0x00007fff0ad40000 - 0x00007fff0b643000 	C:\WINDOWS\SYSTEM32\windows.storage.dll
0x00007fff0ac00000 - 0x00007fff0ad3f000 	C:\WINDOWS\SYSTEM32\wintypes.dll
0x00007fff0f690000 - 0x00007fff0f789000 	C:\WINDOWS\System32\SHCORE.dll
0x00007fff0eaa0000 - 0x00007fff0eafe000 	C:\WINDOWS\System32\shlwapi.dll
0x00007fff0cd80000 - 0x00007fff0cdab000 	C:\WINDOWS\SYSTEM32\profapi.dll
0x00007ffeeb950000 - 0x00007ffeeb95c000 	C:\Program Files\Android\Android Studio\jbr\bin\dt_socket.dll
0x00007fff0b8b0000 - 0x00007fff0b8dd000 	C:\WINDOWS\SYSTEM32\IPHLPAPI.DLL
0x00007fff0c2f0000 - 0x00007fff0c359000 	C:\WINDOWS\system32\mswsock.dll
0x00007ffef0430000 - 0x00007ffef0449000 	C:\Program Files\Android\Android Studio\jbr\bin\net.dll
0x00007fff064c0000 - 0x00007fff065f6000 	C:\WINDOWS\SYSTEM32\WINHTTP.dll
0x00007ffeee790000 - 0x00007ffeee7a6000 	C:\Program Files\Android\Android Studio\jbr\bin\nio.dll
0x00007ffef9d90000 - 0x00007ffef9da0000 	C:\Program Files\Android\Android Studio\jbr\bin\verify.dll
0x00007ffeeba80000 - 0x00007ffeebaa7000 	C:\Users\csosa\.gradle\native\c067742578af261105cb4f569cf0c3c89f3d7b1fecec35dd04571415982c5e48\windows-amd64\native-platform.dll
0x00007ffee9530000 - 0x00007ffee9674000 	C:\Users\csosa\.gradle\native\38dada09dfb8b06ba9b0570ebf7e218e3eb74d4ef43ca46872605cf95ebc2f47\windows-amd64\native-platform-file-events.dll
0x00007ffef8fc0000 - 0x00007ffef8fc9000 	C:\Program Files\Android\Android Studio\jbr\bin\management.dll
0x00007ffef4960000 - 0x00007ffef496b000 	C:\Program Files\Android\Android Studio\jbr\bin\management_ext.dll
0x00007fff0f590000 - 0x00007fff0f598000 	C:\WINDOWS\System32\PSAPI.DLL
0x00007fff0c560000 - 0x00007fff0c57b000 	C:\WINDOWS\SYSTEM32\CRYPTSP.dll
0x00007fff0bdc0000 - 0x00007fff0bdf5000 	C:\WINDOWS\system32\rsaenh.dll
0x00007fff0c400000 - 0x00007fff0c428000 	C:\WINDOWS\SYSTEM32\USERENV.dll
0x00007fff0c580000 - 0x00007fff0c58c000 	C:\WINDOWS\SYSTEM32\CRYPTBASE.dll
0x00007fff0f5a0000 - 0x00007fff0f5a9000 	C:\WINDOWS\System32\NSI.dll
0x00007fff053b0000 - 0x00007fff053c9000 	C:\WINDOWS\SYSTEM32\dhcpcsvc6.DLL
0x00007fff05140000 - 0x00007fff0515f000 	C:\WINDOWS\SYSTEM32\dhcpcsvc.DLL
0x00007fff0b8e0000 - 0x00007fff0b9e2000 	C:\WINDOWS\SYSTEM32\DNSAPI.dll
0x00007ffef2960000 - 0x00007ffef2969000 	C:\Program Files\Android\Android Studio\jbr\bin\extnet.dll
0x00007ffeabf70000 - 0x00007ffeabf78000 	C:\WINDOWS\system32\wshunix.dll
0x00007ffea58a0000 - 0x00007ffea58b7000 	C:\WINDOWS\system32\napinsp.dll
0x00007ffea58c0000 - 0x00007ffea58db000 	C:\WINDOWS\system32\pnrpnsp.dll
0x00007ffea58e0000 - 0x00007ffea58f1000 	C:\WINDOWS\System32\winrnr.dll
0x00007fff03550000 - 0x00007fff03565000 	C:\WINDOWS\system32\wshbth.dll
0x00007ffea7760000 - 0x00007ffea7787000 	C:\WINDOWS\system32\nlansp_c.dll
0x00007fff05850000 - 0x00007fff0585a000 	C:\Windows\System32\rasadhlp.dll
0x00007fff00f10000 - 0x00007fff00f93000 	C:\WINDOWS\System32\fwpuclnt.dll
0x00007fff0bf70000 - 0x00007fff0bfa4000 	C:\WINDOWS\SYSTEM32\ntmarta.dll

dbghelp: loaded successfully - version: 4.0.5 - missing functions: none
symbol engine: initialized successfully - sym options: 0x614 - pdb path: .;C:\Program Files\Android\Android Studio\jbr\bin;C:\WINDOWS\SYSTEM32;C:\WINDOWS\WinSxS\amd64_microsoft.windows.common-controls_6595b64144ccf1df_6.0.22621.4391_none_2715d37f73803e96;C:\Program Files\Android\Android Studio\jbr\bin\server;C:\Users\csosa\.gradle\native\c067742578af261105cb4f569cf0c3c89f3d7b1fecec35dd04571415982c5e48\windows-amd64;C:\Users\csosa\.gradle\native\38dada09dfb8b06ba9b0570ebf7e218e3eb74d4ef43ca46872605cf95ebc2f47\windows-amd64

VM Arguments:
jvm_args: --add-opens=java.base/java.util.concurrent.atomic=ALL-UNNAMED -agentlib:jdwp=transport=dt_socket,server=n,suspend=y,address=127.0.0.1:57356 --add-opens=java.base/java.util=ALL-UNNAMED --add-opens=java.base/java.lang=ALL-UNNAMED --add-opens=java.base/java.lang.invoke=ALL-UNNAMED --add-opens=java.prefs/java.util.prefs=ALL-UNNAMED --add-opens=java.base/java.nio.charset=ALL-UNNAMED --add-opens=java.base/java.net=ALL-UNNAMED --add-opens=java.base/java.util.concurrent.atomic=ALL-UNNAMED -Xmx2048m -Dfile.encoding=UTF-8 -Duser.country=US -Duser.language=en -Duser.variant -javaagent:C:\Users\csosa\.gradle\wrapper\dists\gradle-8.6-bin\afr5mpiioh2wthjmwnkmdsd5w\gradle-8.6\lib\agents\gradle-instrumentation-agent-8.6.jar 
java_command: org.gradle.launcher.daemon.bootstrap.GradleDaemon 8.6
java_class_path (initial): C:\Users\csosa\.gradle\wrapper\dists\gradle-8.6-bin\afr5mpiioh2wthjmwnkmdsd5w\gradle-8.6\lib\gradle-launcher-8.6.jar
Launcher Type: SUN_STANDARD

[Global flags]
     intx CICompilerCount                          = 4                                         {product} {ergonomic}
     uint ConcGCThreads                            = 2                                         {product} {ergonomic}
     uint G1ConcRefinementThreads                  = 8                                         {product} {ergonomic}
   size_t G1HeapRegionSize                         = 1048576                                   {product} {ergonomic}
    uintx GCDrainStackTargetSize                   = 64                                        {product} {ergonomic}
   size_t InitialHeapSize                          = 100663296                                 {product} {ergonomic}
   size_t MarkStackSize                            = 4194304                                   {product} {ergonomic}
   size_t MaxHeapSize                              = 2147483648                                {product} {command line}
   size_t MaxNewSize                               = 1287651328                                {product} {ergonomic}
   size_t MinHeapDeltaBytes                        = 1048576                                   {product} {ergonomic}
   size_t MinHeapSize                              = 8388608                                   {product} {ergonomic}
    uintx NonNMethodCodeHeapSize                   = 5839372                                {pd product} {ergonomic}
    uintx NonProfiledCodeHeapSize                  = 122909434                              {pd product} {ergonomic}
    uintx ProfiledCodeHeapSize                     = 122909434                              {pd product} {ergonomic}
    uintx ReservedCodeCacheSize                    = 251658240                              {pd product} {ergonomic}
     bool SegmentedCodeCache                       = true                                      {product} {ergonomic}
   size_t SoftMaxHeapSize                          = 2147483648                             {manageable} {ergonomic}
     bool UseCompressedClassPointers               = true                           {product lp64_product} {ergonomic}
     bool UseCompressedOops                        = true                           {product lp64_product} {ergonomic}
     bool UseG1GC                                  = true                                      {product} {ergonomic}
     bool UseLargePagesIndividualAllocation        = false                                  {pd product} {ergonomic}

Logging:
Log output configuration:
 #0: stdout all=warning uptime,level,tags
 #1: stderr all=off uptime,level,tags

Environment Variables:
JAVA_HOME=C:\Program Files\Microsoft\jdk-17.0.13.11-hotspot\
PATH=C:\Python312\Scripts\;C:\Python312\;C:\Program Files\Microsoft\jdk-17.0.13.11-hotspot\bin;C:\Users\csosa\WINDOWS.X64_193000_db_home\bin;C:\Program Files\Common Files\Oracle\Java\javapath;C:\WINDOWS\system32;C:\WINDOWS;C:\WINDOWS\System32\Wbem;C:\WINDOWS\System32\WindowsPowerShell\v1.0\;C:\WINDOWS\System32\OpenSSH\;C:\Program Files\Microsoft VS Code\bin;C:\ProgramData\chocolatey\bin;C:\Program Files\Microsoft SQL Server\150\Tools\Binn\;C:\Program Files\dotnet\;C:\Program Files\Microsoft SQL Server\Client SDK\ODBC\170\Tools\Binn\;C:\WINDOWS\system32;C:\WINDOWS;C:\WINDOWS\System32\Wbem;C:\WINDOWS\System32\WindowsPowerShell\v1.0\;C:\WINDOWS\System32\OpenSSH\;C:\Program Files (x86)\Microsoft SQL Server\160\Tools\Binn\;C:\Program Files\Microsoft SQL Server\160\Tools\Binn\;C:\Program Files\Microsoft SQL Server\160\DTS\Binn\;C:\Program Files (x86)\Microsoft SQL Server\160\DTS\Binn\;C:\Program Files\Azure Data Studio\bin;C:\Program Files\Docker\Docker\resources\bin;C:\Program Files\Java\jdk-21\bin;C:\Program Files\Git\cmd;C:\Program Files\nodejs\;C:\Program Files (x86)\Google\Cloud SDK\google-cloud-sdk\bin;C:\Users\csosa\scoop\shims;C:\Program Files\MySQL\MySQL Shell 8.0\bin\;C:\Users\csosa\AppData\Local\Microsoft\WindowsApps;C:\Users\csosa\.dotnet\tools;C:\Program Files\JetBrains\IntelliJ IDEA Community Edition 2022.1.1\bin;C:\Program Files\JetBrains\PyCharm Community Edition 2022.2.2\bin;C:\Program Files\Azure Data Studio\bin;C:\Users\csosa\AppData\Local\JetBrains\Toolbox\scripts;;C:\Users\csosa\AppData\Roaming\Programs\Zero Install;C:\Program Files\Heroku\bin;C:\Users\csosa\AppData\Roaming\npm
USERNAME=csosa
OS=Windows_NT
PROCESSOR_IDENTIFIER=AMD64 Family 23 Model 24 Stepping 1, AuthenticAMD
TMP=C:\Users\csosa\AppData\Local\Temp
TEMP=C:\Users\csosa\AppData\Local\Temp



Periodic native trim disabled

JNI global refs:
JNI global refs: 189, weak refs: 22271

JNI global refs memory usage: 2803, weak refs: 224177

OOME stack traces (most recent first):
Classloader memory used:
Loader org.gradle.internal.classloader.VisitableURLClassLoader                         : 6085K
Loader org.gradle.internal.classloader.VisitableURLClassLoader$InstrumentingVisitableURLClassLoader: 5759K
Loader bootstrap                                                                       : 3526K
Loader org.gradle.initialization.MixInLegacyTypesClassLoader                           : 1464K
Loader jdk.internal.reflect.DelegatingClassLoader                                      : 120K
Loader jdk.internal.loader.ClassLoaders$PlatformClassLoader                            : 72791B
Loader jdk.internal.loader.ClassLoaders$AppClassLoader                                 : 28974B
Loader org.gradle.groovy.scripts.internal.DefaultScriptCompilationHandler$ScriptClassLoader: 27569B
Loader org.gradle.internal.classloader.VisitableURLClassLoader                         : 20195B
Loader org.codehaus.groovy.runtime.callsite.CallSiteClassLoader                        : 6597B
Loader sun.reflect.misc.MethodUtil                                                     : 376B

Classes loaded by more than one classloader:
Class Program                                                                         : loaded 5 times (x 70B)
Class Build_gradle$1                                                                  : loaded 3 times (x 72B)
Class Build_gradle                                                                    : loaded 3 times (x 128B)
Class com.google.common.collect.Iterators$MergingIterator                             : loaded 2 times (x 79B)
Class org.apache.commons.io.function.IOFunction                                       : loaded 2 times (x 68B)
Class com.google.common.io.Closer$SuppressingSuppressor                               : loaded 2 times (x 73B)
Class org.objectweb.asm.ModuleVisitor                                                 : loaded 2 times (x 79B)
Class com.google.common.io.ByteSource                                                 : loaded 2 times (x 82B)
Class [Lcom.google.common.collect.AbstractMapEntry;                                   : loaded 2 times (x 67B)
Class com.google.common.io.AppendableWriter                                           : loaded 2 times (x 98B)
Class com.google.common.collect.ImmutableRangeSet$AsSet                               : loaded 2 times (x 233B)
Class com.google.common.collect.SingletonImmutableList                                : loaded 2 times (x 167B)
Class com.google.common.cache.CacheLoader$SupplierToCacheLoader                       : loaded 2 times (x 73B)
Class org.gradle.internal.classpath.ClassPath                                         : loaded 2 times (x 68B)
Class com.google.common.io.FileWriteMode                                              : loaded 2 times (x 77B)
Class com.google.common.cache.RemovalListener                                         : loaded 2 times (x 68B)
Class org.gradle.api.internal.classpath.DefaultModuleRegistry                         : loaded 2 times (x 84B)
Class Settings_gradle$1$1                                                             : loaded 2 times (x 72B)
Class com.google.common.collect.ImmutableEnumSet                                      : loaded 2 times (x 144B)
Class [Lcom.google.common.collect.MapMaker$Dummy;                                     : loaded 2 times (x 67B)
Class com.google.common.collect.ListMultimap                                          : loaded 2 times (x 68B)
Class com.google.common.base.CharMatcher$JavaDigit                                    : loaded 2 times (x 109B)
Class com.google.common.base.CharMatcher$Digit                                        : loaded 2 times (x 110B)
Class com.google.common.collect.AbstractMultimap                                      : loaded 2 times (x 121B)
Class com.google.common.cache.CacheBuilder$OneWeigher                                 : loaded 2 times (x 80B)
Class org.gradle.api.Action                                                           : loaded 2 times (x 68B)
Class com.google.common.collect.ImmutableEntry                                        : loaded 2 times (x 80B)
Class com.google.common.collect.Lists$StringAsImmutableList                           : loaded 2 times (x 167B)
Class com.google.common.collect.ImmutableMap$SerializedForm                           : loaded 2 times (x 71B)
Class com.google.common.cache.LocalCache$StrongEntry                                  : loaded 2 times (x 106B)
Class com.google.common.collect.MapMakerInternalMap$InternalEntryHelper               : loaded 2 times (x 68B)
Class org.objectweb.asm.FieldWriter                                                   : loaded 2 times (x 76B)
Class com.google.common.base.CharMatcher                                              : loaded 2 times (x 109B)
Class com.google.common.base.CharMatcher$IsNot                                        : loaded 2 times (x 109B)
Class com.google.common.collect.RegularImmutableSortedSet                             : loaded 2 times (x 233B)
Class com.google.common.collect.Maps$IteratorBasedAbstractMap                         : loaded 2 times (x 123B)
Class com.google.common.collect.SetMultimap                                           : loaded 2 times (x 68B)
Class com.google.common.base.Splitter                                                 : loaded 2 times (x 70B)
Class [Lcom.google.common.cache.Weigher;                                              : loaded 2 times (x 67B)
Class com.google.common.collect.Iterators$ArrayItr                                    : loaded 2 times (x 95B)
Class com.google.common.collect.MapMakerInternalMap$Strength                          : loaded 2 times (x 78B)
Class com.google.common.cache.LocalCache$Segment                                      : loaded 2 times (x 152B)
Class org.gradle.api.internal.DefaultClassPathProvider                                : loaded 2 times (x 74B)
Class org.gradle.internal.installation.GradleInstallation$1                           : loaded 2 times (x 73B)
Class com.google.common.cache.LocalCache$AbstractReferenceEntry                       : loaded 2 times (x 105B)
Class org.objectweb.asm.Type                                                          : loaded 2 times (x 70B)
Class com.google.common.util.concurrent.AbstractFuture$Failure                        : loaded 2 times (x 70B)
Class com.google.common.base.CharMatcher$BitSetMatcher                                : loaded 2 times (x 110B)
Class com.google.common.collect.ImmutableMap$IteratorBasedImmutableMap                : loaded 2 times (x 123B)
Class com.google.common.reflect.Reflection                                            : loaded 2 times (x 69B)
Class com.google.common.io.Files$FileByteSource                                       : loaded 2 times (x 83B)
Class com.google.common.collect.ImmutableMap                                          : loaded 2 times (x 118B)
Class com.google.common.base.Converter                                                : loaded 2 times (x 88B)
Class com.google.common.collect.ImmutableSortedSetFauxverideShim                      : loaded 2 times (x 145B)
Class com.google.common.collect.ImmutableSet$EmptySetBuilderImpl                      : loaded 2 times (x 74B)
Class com.google.common.base.Equivalence                                              : loaded 2 times (x 80B)
Class com.google.common.primitives.Ints                                               : loaded 2 times (x 69B)
Class com.google.common.cache.LocalCache$EntryFactory$1                               : loaded 2 times (x 81B)
Class com.google.common.cache.LocalCache$EntryFactory$2                               : loaded 2 times (x 81B)
Class com.google.common.cache.LocalCache$EntryFactory$3                               : loaded 2 times (x 81B)
Class com.google.common.cache.LocalCache$EntryFactory$4                               : loaded 2 times (x 81B)
Class com.google.common.cache.LocalCache$EntryFactory$5                               : loaded 2 times (x 81B)
Class com.google.common.cache.LocalCache$EntryFactory$6                               : loaded 2 times (x 81B)
Class com.google.common.reflect.TypeResolver$TypeVariableKey                          : loaded 2 times (x 70B)
Class com.google.common.cache.LocalCache$EntryFactory$7                               : loaded 2 times (x 81B)
Class com.google.common.cache.LocalCache$EntryFactory$8                               : loaded 2 times (x 81B)
Class com.google.common.base.Predicate                                                : loaded 2 times (x 68B)
Class com.google.common.cache.LocalCache$StrongValueReference                         : loaded 2 times (x 88B)
Class org.gradle.internal.classloader.FilteringClassLoader                            : loaded 2 times (x 103B)
Class com.google.common.collect.AbstractMapBasedMultimap$WrappedCollection            : loaded 2 times (x 122B)
Class com.google.common.reflect.TypeResolver$TypeTable                                : loaded 2 times (x 71B)
Class com.google.common.reflect.Invokable$MethodInvokable                             : loaded 2 times (x 103B)
Class com.google.common.collect.RegularImmutableSet                                   : loaded 2 times (x 146B)
Class [Lcom.google.common.cache.LocalCache$Strength;                                  : loaded 2 times (x 67B)
Class org.gradle.internal.classpath.DefaultClassPath$ImmutableUniqueList$Builder      : loaded 2 times (x 73B)
Class com.google.common.collect.AbstractRangeSet                                      : loaded 2 times (x 112B)
Class com.google.common.collect.Maps$8                                                : loaded 2 times (x 80B)
Class [Lcom.google.common.cache.CacheBuilder$NullListener;                            : loaded 2 times (x 67B)
Class com.google.common.base.PatternCompiler                                          : loaded 2 times (x 68B)
Class com.google.common.io.CharStreams$NullWriter                                     : loaded 2 times (x 97B)
Class com.google.common.base.CharMatcher$InRange                                      : loaded 2 times (x 109B)
Class com.google.common.collect.Maps$KeySet                                           : loaded 2 times (x 135B)
Class com.google.common.collect.ImmutableMultimap$EntryCollection                     : loaded 2 times (x 125B)
Class com.google.common.collect.Sets$SetView                                          : loaded 2 times (x 136B)
Class com.google.common.collect.BiMap                                                 : loaded 2 times (x 68B)
Class com.google.common.collect.Lists                                                 : loaded 2 times (x 69B)
Class org.objectweb.asm.AnnotationWriter                                              : loaded 2 times (x 77B)
Class org.apache.commons.io.output.ThresholdingOutputStream                           : loaded 2 times (x 92B)
Class com.google.common.math.IntMath$1                                                : loaded 2 times (x 69B)
Class org.gradle.internal.classloader.ClassLoaderVisitor                              : loaded 2 times (x 74B)
Class org.objectweb.asm.Label                                                         : loaded 2 times (x 71B)
Class com.google.common.cache.CacheBuilder$NullListener                               : loaded 2 times (x 80B)
Class com.google.common.collect.ImmutableMultimap                                     : loaded 2 times (x 145B)
Class org.apache.commons.io.filefilter.IOFileFilter                                   : loaded 2 times (x 68B)
Class com.google.common.math.MathPreconditions                                        : loaded 2 times (x 69B)
Class org.gradle.internal.service.DefaultServiceLocator                               : loaded 2 times (x 81B)
Class org.gradle.internal.service.UnknownServiceException                             : loaded 2 times (x 81B)
Class com.google.common.util.concurrent.AbstractFuture$SynchronizedHelper             : loaded 2 times (x 76B)
Class com.google.common.collect.ArrayListMultimap                                     : loaded 2 times (x 170B)
Class com.google.common.base.Strings                                                  : loaded 2 times (x 69B)
Class com.google.common.io.Closer                                                     : loaded 2 times (x 76B)
Class com.google.common.cache.CacheLoader$InvalidCacheLoadException                   : loaded 2 times (x 80B)
Class org.gradle.internal.classloader.DefaultClassLoaderFactory                       : loaded 2 times (x 80B)
Class com.google.common.collect.UnmodifiableIterator                                  : loaded 2 times (x 78B)
Class com.google.common.base.Stopwatch                                                : loaded 2 times (x 70B)
Class com.google.common.reflect.Types                                                 : loaded 2 times (x 69B)
Class com.google.common.base.Platform$JdkPatternCompiler                              : loaded 2 times (x 73B)
Class com.google.common.collect.Interners$InternerImpl                                : loaded 2 times (x 73B)
Class com.google.common.cache.LocalCache$LoadingValueReference                        : loaded 2 times (x 94B)
Class org.apache.commons.io.output.ByteArrayOutputStream                              : loaded 2 times (x 100B)
Class com.google.common.base.CharMatcher$SingleWidth                                  : loaded 2 times (x 110B)
Class com.google.common.collect.Hashing                                               : loaded 2 times (x 69B)
Class com.google.common.collect.MapMakerInternalMap$AbstractStrongKeyEntry            : loaded 2 times (x 78B)
Class com.google.common.collect.ImmutableRangeSet$ComplementRanges                    : loaded 2 times (x 167B)
Class [Lcom.google.common.reflect.Types$ClassOwnership;                               : loaded 2 times (x 67B)
Class com.google.common.base.JdkPattern                                               : loaded 2 times (x 73B)
Class com.google.common.base.Optional                                                 : loaded 2 times (x 78B)
Class com.google.common.collect.Multimap                                              : loaded 2 times (x 68B)
Class com.google.common.base.FunctionalEquivalence                                    : loaded 2 times (x 81B)
Class org.objectweb.asm.AnnotationVisitor                                             : loaded 2 times (x 76B)
Class org.objectweb.asm.RecordComponentWriter                                         : loaded 2 times (x 76B)
Class com.google.common.cache.LocalCache$1                                            : loaded 2 times (x 87B)
Class com.google.common.cache.LocalCache$2                                            : loaded 2 times (x 140B)
Class com.google.common.collect.RegularImmutableBiMap                                 : loaded 2 times (x 146B)
Class org.gradle.internal.classloader.VisitableURLClassLoader$Spec                    : loaded 2 times (x 72B)
Class org.gradle.api.GradleException                                                  : loaded 2 times (x 80B)
Class com.google.common.base.CharMatcher$JavaLetterOrDigit                            : loaded 2 times (x 109B)
Class org.gradle.api.internal.classpath.ModuleRegistry                                : loaded 2 times (x 68B)
Class com.google.common.collect.ForwardingObject                                      : loaded 2 times (x 70B)
Class com.google.common.reflect.TypeToken$1                                           : loaded 2 times (x 106B)
Class com.google.common.cache.CacheBuilder                                            : loaded 2 times (x 70B)
Class com.google.common.reflect.TypeToken$2                                           : loaded 2 times (x 106B)
Class org.objectweb.asm.ByteVector                                                    : loaded 2 times (x 77B)
Class com.google.common.collect.ImmutableCollection                                   : loaded 2 times (x 123B)
Class com.google.common.collect.ImmutableRangeSet                                     : loaded 2 times (x 113B)
Class com.google.common.base.PairwiseEquivalence                                      : loaded 2 times (x 81B)
Class com.google.common.base.Ticker                                                   : loaded 2 times (x 70B)
Class org.gradle.api.internal.ClassPathProvider                                       : loaded 2 times (x 68B)
Class com.google.common.base.Ascii                                                    : loaded 2 times (x 69B)
Class com.google.common.collect.RegularImmutableMap$Values                            : loaded 2 times (x 167B)
Class org.objectweb.asm.ModuleWriter                                                  : loaded 2 times (x 80B)
Class [Lcom.google.common.collect.MapMakerInternalMap$Segment;                        : loaded 2 times (x 67B)
Class com.google.common.collect.ImmutableEnumMap                                      : loaded 2 times (x 123B)
Class com.google.common.collect.ForwardingMap                                         : loaded 2 times (x 130B)
Class com.google.common.collect.ImmutableList$ReverseImmutableList                    : loaded 2 times (x 168B)
Class com.google.common.cache.AbstractCache$StatsCounter                              : loaded 2 times (x 68B)
Class org.objectweb.asm.FieldVisitor                                                  : loaded 2 times (x 75B)
Class org.objectweb.asm.Symbol                                                        : loaded 2 times (x 71B)
Class com.google.common.reflect.TypeToken                                             : loaded 2 times (x 71B)
Class com.google.common.cache.LocalCache$Strength$1                                   : loaded 2 times (x 79B)
Class com.google.common.collect.EmptyImmutableListMultimap                            : loaded 2 times (x 174B)
Class com.google.common.cache.LocalCache$Strength$2                                   : loaded 2 times (x 79B)
Class com.google.common.cache.LocalCache$Strength$3                                   : loaded 2 times (x 79B)
Class org.gradle.internal.classloader.ClassLoaderFactory                              : loaded 2 times (x 68B)
Class com.google.common.collect.ObjectArrays                                          : loaded 2 times (x 69B)
Class com.google.common.util.concurrent.AbstractFuture$Waiter                         : loaded 2 times (x 70B)
Class com.google.common.util.concurrent.Uninterruptibles                              : loaded 2 times (x 69B)
Class com.google.common.collect.Iterators$10                                          : loaded 2 times (x 79B)
Class com.google.common.collect.Iterators$EmptyModifiableIterator                     : loaded 2 times (x 84B)
Class com.google.common.collect.ImmutableList                                         : loaded 2 times (x 166B)
Class org.gradle.api.internal.classpath.ManifestUtil                                  : loaded 2 times (x 69B)
Class org.gradle.api.specs.Spec                                                       : loaded 2 times (x 68B)
Class com.google.common.collect.RangeSet                                              : loaded 2 times (x 68B)
Class com.google.common.cache.CacheLoader$UnsupportedLoadingOperationException        : loaded 2 times (x 80B)
Class com.google.common.base.CharMatcher$Whitespace                                   : loaded 2 times (x 110B)
Class com.google.common.util.concurrent.ListenableFuture                              : loaded 2 times (x 68B)
Class com.google.common.collect.MapMaker$Dummy                                        : loaded 2 times (x 77B)
Class com.google.common.collect.Iterators$1                                           : loaded 2 times (x 79B)
Class com.google.common.collect.BaseImmutableMultimap                                 : loaded 2 times (x 121B)
Class com.google.common.collect.Iterators$4                                           : loaded 2 times (x 80B)
Class com.google.common.collect.RegularImmutableMap$BucketOverflowException           : loaded 2 times (x 80B)
Class com.google.common.collect.Iterators$5                                           : loaded 2 times (x 80B)
Class com.google.common.util.concurrent.AbstractFuture$UnsafeAtomicHelper             : loaded 2 times (x 76B)
Class com.google.common.base.Joiner                                                   : loaded 2 times (x 77B)
Class com.google.common.base.Equivalence$Equals                                       : loaded 2 times (x 80B)
Class com.google.common.base.Preconditions                                            : loaded 2 times (x 69B)
Class com.google.common.base.Function                                                 : loaded 2 times (x 68B)
Class com.google.common.collect.Iterators$9                                           : loaded 2 times (x 79B)
Class org.gradle.internal.IoActions                                                   : loaded 2 times (x 69B)
Class com.google.common.collect.MapMakerInternalMap$StrongKeyDummyValueEntry$Helper   : loaded 2 times (x 77B)
Class com.google.common.cache.ReferenceEntry                                          : loaded 2 times (x 68B)
Class com.google.common.collect.RegularImmutableMap$KeySet                            : loaded 2 times (x 148B)
Class com.google.common.collect.CollectPreconditions                                  : loaded 2 times (x 69B)
Class com.google.common.primitives.IntsMethodsForWeb                                  : loaded 2 times (x 69B)
Class com.google.common.collect.RangeGwtSerializationDependencies                     : loaded 2 times (x 69B)
Class com.google.common.collect.Maps                                                  : loaded 2 times (x 69B)
Class com.google.common.collect.RegularImmutableMap                                   : loaded 2 times (x 119B)
Class com.google.common.collect.AbstractIndexedListIterator                           : loaded 2 times (x 94B)
Class com.google.common.collect.ImmutableMultimap$Builder                             : loaded 2 times (x 81B)
Class com.google.common.base.CharMatcher$None                                         : loaded 2 times (x 110B)
Class [Lorg.apache.commons.io.StandardLineSeparator;                                  : loaded 2 times (x 67B)
Class org.gradle.api.internal.classpath.EffectiveClassPath                            : loaded 2 times (x 88B)
Class org.apache.commons.io.StandardLineSeparator                                     : loaded 2 times (x 77B)
Class org.apache.commons.io.output.AppendableWriter                                   : loaded 2 times (x 98B)
Class com.google.common.collect.UnmodifiableListIterator                              : loaded 2 times (x 93B)
Class com.google.common.io.Files                                                      : loaded 2 times (x 69B)
Class com.google.common.cache.CacheLoader$FunctionToCacheLoader                       : loaded 2 times (x 73B)
Class com.google.common.cache.CacheBuilder$1                                          : loaded 2 times (x 83B)
Class com.google.common.cache.CacheBuilder$2                                          : loaded 2 times (x 70B)
Class com.google.common.collect.ImmutableList$1                                       : loaded 2 times (x 95B)
Class com.google.common.base.Splitter$Strategy                                        : loaded 2 times (x 68B)
Class com.google.common.io.CharStreams                                                : loaded 2 times (x 69B)
Class com.google.common.collect.ImmutableMapEntrySet$RegularEntrySet                  : loaded 2 times (x 149B)
Class [Lcom.google.common.cache.RemovalListener;                                      : loaded 2 times (x 67B)
Class [Lcom.google.common.collect.ImmutableMapEntry;                                  : loaded 2 times (x 67B)
Class com.google.common.collect.Interners                                             : loaded 2 times (x 69B)
Class com.google.common.collect.MapMakerInternalMap$Strength$1                        : loaded 2 times (x 78B)
Class org.gradle.internal.installation.CurrentGradleInstallation                      : loaded 2 times (x 71B)
Class com.google.common.collect.MapMakerInternalMap$Strength$2                        : loaded 2 times (x 78B)
Class org.gradle.internal.agents.InstrumentingClassLoader                             : loaded 2 times (x 68B)
Class org.gradle.internal.installation.CurrentGradleInstallationLocator               : loaded 2 times (x 69B)
Class [Lcom.google.common.cache.LocalCache$Segment;                                   : loaded 2 times (x 67B)
Class org.gradle.api.internal.classpath.Module                                        : loaded 2 times (x 68B)
Class com.google.common.collect.ImmutableSortedSet                                    : loaded 2 times (x 233B)
Class com.google.common.base.Splitter$1$1                                             : loaded 2 times (x 84B)
Class com.google.common.collect.MapMakerInternalMap$Segment                           : loaded 2 times (x 140B)
Class com.google.common.collect.ImmutableSet$JdkBackedSetBuilderImpl                  : loaded 2 times (x 74B)
Class com.google.common.reflect.Types$TypeVariableInvocationHandler                   : loaded 2 times (x 73B)
Class com.google.common.reflect.Types$ClassOwnership                                  : loaded 2 times (x 78B)
Class com.google.common.collect.ImmutableSet$RegularSetBuilderImpl                    : loaded 2 times (x 75B)
Class [Lorg.objectweb.asm.AnnotationWriter;                                           : loaded 2 times (x 67B)
Class org.gradle.internal.service.CachingServiceLocator                               : loaded 2 times (x 80B)
Class [Lcom.google.common.collect.ImmutableEntry;                                     : loaded 2 times (x 67B)
Class com.google.common.collect.Sets$ImprovedAbstractSet                              : loaded 2 times (x 133B)
Class com.google.common.collect.AbstractMapBasedMultimap$AsMap                        : loaded 2 times (x 126B)
Class org.gradle.internal.classpath.DefaultClassPath                                  : loaded 2 times (x 88B)
Class com.google.common.collect.MapMakerInternalMap$1                                 : loaded 2 times (x 81B)
Class com.google.common.util.concurrent.AbstractFuture$SetFuture                      : loaded 2 times (x 73B)
Class com.google.common.collect.CollectCollectors                                     : loaded 2 times (x 69B)
Class com.google.common.collect.TransformedIterator                                   : loaded 2 times (x 78B)
Class com.google.common.base.Splitter$SplittingIterator                               : loaded 2 times (x 82B)
Class com.google.common.collect.ImmutableMultisetGwtSerializationDependencies         : loaded 2 times (x 123B)
Class com.google.common.reflect.TypeParameter                                         : loaded 2 times (x 70B)
Class com.google.common.collect.ImmutableListMultimap                                 : loaded 2 times (x 174B)
Class com.google.common.cache.LocalCache$LocalManualCache$1                           : loaded 2 times (x 73B)
Class org.gradle.internal.installation.GradleInstallation                             : loaded 2 times (x 73B)
Class com.google.common.reflect.Types$ClassOwnership$1LocalClass                      : loaded 2 times (x 69B)
Class org.objectweb.asm.SymbolTable$Entry                                             : loaded 2 times (x 72B)
Class [Lcom.google.common.cache.LocalCache$EntryFactory;                              : loaded 2 times (x 67B)
Class com.google.common.base.CharMatcher$Is                                           : loaded 2 times (x 109B)
Class com.google.common.base.Platform                                                 : loaded 2 times (x 69B)
Class com.google.common.collect.RegularImmutableAsList                                : loaded 2 times (x 176B)
Class com.google.common.base.Suppliers$NonSerializableMemoizingSupplier               : loaded 2 times (x 77B)
Class com.google.common.collect.PeekingIterator                                       : loaded 2 times (x 68B)
Class com.google.common.collect.ImmutableSetMultimap                                  : loaded 2 times (x 178B)
Class com.google.common.reflect.TypeResolver$TypeTable$1                              : loaded 2 times (x 71B)
Class com.google.common.collect.ImmutableMapEntrySet                                  : loaded 2 times (x 149B)
Class com.google.common.cache.CacheLoader                                             : loaded 2 times (x 72B)
Class com.google.common.collect.ImmutableBiMapFauxverideShim                          : loaded 2 times (x 118B)
Class org.objectweb.asm.MethodTooLargeException                                       : loaded 2 times (x 81B)
Class com.google.common.cache.Cache                                                   : loaded 2 times (x 68B)
Class com.google.common.collect.Maps$EntrySet                                         : loaded 2 times (x 134B)
Class org.gradle.internal.classloader.SystemClassLoaderSpec                           : loaded 2 times (x 69B)
Class com.google.common.io.LineBuffer                                                 : loaded 2 times (x 73B)
Class com.google.common.util.concurrent.internal.InternalFutureFailureAccess          : loaded 2 times (x 70B)
Class com.google.common.base.Charsets                                                 : loaded 2 times (x 69B)
Class com.google.common.primitives.Ints$IntConverter                                  : loaded 2 times (x 88B)
Class com.google.common.collect.SingletonImmutableSet                                 : loaded 2 times (x 144B)
Class com.google.common.reflect.Types$TypeVariableImpl                                : loaded 2 times (x 70B)
Class com.google.common.collect.Interners$InternerBuilder                             : loaded 2 times (x 74B)
Class [Lcom.google.common.base.AbstractIterator$State;                                : loaded 2 times (x 67B)
Class com.google.common.collect.ImmutableMap$Builder                                  : loaded 2 times (x 80B)
Class com.google.common.io.LineReader$1                                               : loaded 2 times (x 73B)
Class com.google.common.base.AbstractIterator                                         : loaded 2 times (x 78B)
Class org.objectweb.asm.ClassWriter                                                   : loaded 2 times (x 104B)
Class com.google.common.collect.Range                                                 : loaded 2 times (x 85B)
Class org.apache.commons.io.IOUtils                                                   : loaded 2 times (x 69B)
Class com.google.common.base.AbstractIterator$1                                       : loaded 2 times (x 69B)
Class [Lcom.google.common.cache.CacheBuilder$OneWeigher;                              : loaded 2 times (x 67B)
Class com.google.common.collect.Iterators                                             : loaded 2 times (x 69B)
Class com.google.common.base.CharMatcher$1                                            : loaded 2 times (x 111B)
Class com.google.common.base.CharMatcher$Ascii                                        : loaded 2 times (x 110B)
Class com.google.common.cache.LocalCache$ComputingValueReference                      : loaded 2 times (x 94B)
Class org.gradle.api.UncheckedIOException                                             : loaded 2 times (x 80B)
Class com.google.common.base.CharMatcher$And                                          : loaded 2 times (x 110B)
Class com.google.common.io.Files$FileByteSink                                         : loaded 2 times (x 75B)
Class [Lcom.google.common.io.FileWriteMode;                                           : loaded 2 times (x 67B)
Class com.google.common.collect.IndexedImmutableSet                                   : loaded 2 times (x 148B)
Class com.google.common.base.ExtraObjectsMethodsForWeb                                : loaded 2 times (x 69B)
Class com.google.common.collect.AbstractListMultimap                                  : loaded 2 times (x 170B)
Class com.google.common.base.CharMatcher$Any                                          : loaded 2 times (x 110B)
Class org.gradle.internal.classloader.ClasspathUtil$1                                 : loaded 2 times (x 74B)
Class org.apache.commons.io.output.UnsynchronizedByteArrayOutputStream                : loaded 2 times (x 100B)
Class com.google.common.cache.LocalCache$Strength                                     : loaded 2 times (x 79B)
Class com.google.common.collect.AbstractMapBasedMultimap$KeySet                       : loaded 2 times (x 135B)
Class com.google.common.collect.SortedIterable                                        : loaded 2 times (x 68B)
Class com.google.common.collect.ArrayListMultimapGwtSerializationDependencies         : loaded 2 times (x 170B)
Class com.google.common.base.CharMatcher$RangesMatcher                                : loaded 2 times (x 110B)
Class com.google.common.collect.AbstractMapBasedMultimap$RandomAccessWrappedList      : loaded 2 times (x 165B)
Class org.objectweb.asm.Handler                                                       : loaded 2 times (x 70B)
Class com.google.common.collect.ImmutableList$SubList                                 : loaded 2 times (x 168B)
Class com.google.common.cache.LocalCache$ValueReference                               : loaded 2 times (x 68B)
Class com.google.common.collect.CollectSpliterators                                   : loaded 2 times (x 69B)
Class com.google.common.io.Java8Compatibility                                         : loaded 2 times (x 69B)
Class org.gradle.internal.classloader.ClasspathUtil                                   : loaded 2 times (x 69B)
Class org.apache.commons.io.FileUtils                                                 : loaded 2 times (x 69B)
Class org.objectweb.asm.CurrentFrame                                                  : loaded 2 times (x 71B)
Class com.google.common.util.concurrent.AbstractFuture                                : loaded 2 times (x 93B)
Class com.google.common.reflect.TypeResolver                                          : loaded 2 times (x 70B)
Class com.google.common.base.Splitter$1                                               : loaded 2 times (x 75B)
Class com.google.common.collect.TransformedListIterator                               : loaded 2 times (x 91B)
Class com.google.common.base.Ticker$1                                                 : loaded 2 times (x 70B)
Class com.google.common.collect.Maps$BiMapConverter                                   : loaded 2 times (x 88B)
Class org.gradle.api.internal.DefaultClassPathRegistry                                : loaded 2 times (x 74B)
Class com.google.common.util.concurrent.AbstractFuture$Cancellation                   : loaded 2 times (x 70B)
Class [Lorg.objectweb.asm.Symbol;                                                     : loaded 2 times (x 67B)
Class com.google.common.collect.Interner                                              : loaded 2 times (x 68B)
Class com.google.common.collect.ImmutableSet$SetBuilderImpl                           : loaded 2 times (x 74B)
Class org.gradle.api.internal.classpath.DefaultModuleRegistry$DefaultModule           : loaded 2 times (x 84B)
Class com.google.common.io.LineReader                                                 : loaded 2 times (x 70B)
Class com.google.common.base.CharMatcher$JavaIsoControl                               : loaded 2 times (x 110B)
Class com.google.common.collect.ImmutableMap$1                                        : loaded 2 times (x 79B)
Class com.google.common.base.CharMatcher$Or                                           : loaded 2 times (x 110B)
Class ijresolvers5_doml5548emfp69xcy0kkujmta$_run_closure1                            : loaded 2 times (x 137B)
Class org.gradle.kotlin.dsl.VersionCatalogAccessorsKt                                 : loaded 2 times (x 69B)
Class com.google.common.base.Suppliers$SupplierOfInstance                             : loaded 2 times (x 77B)
Class org.objectweb.asm.RecordComponentVisitor                                        : loaded 2 times (x 75B)
Class com.google.common.reflect.Types$ClassOwnership$1                                : loaded 2 times (x 78B)
Class com.google.common.reflect.Invokable                                             : loaded 2 times (x 99B)
Class com.google.common.reflect.Types$ClassOwnership$2                                : loaded 2 times (x 78B)
Class com.google.common.reflect.Types$ClassOwnership$3                                : loaded 2 times (x 69B)
Class com.google.common.collect.Iterables                                             : loaded 2 times (x 69B)
Class com.google.common.base.CharMatcher$JavaLowerCase                                : loaded 2 times (x 109B)
Class org.objectweb.asm.ClassTooLargeException                                        : loaded 2 times (x 81B)
Class org.gradle.api.internal.classpath.UnknownModuleException                        : loaded 2 times (x 80B)
Class com.google.common.util.concurrent.AbstractFuture$Listener                       : loaded 2 times (x 70B)
Class org.apache.commons.io.output.AbstractByteArrayOutputStream                      : loaded 2 times (x 100B)
Class com.google.common.collect.MapMakerInternalMap$StrongKeyDummyValueEntry$LinkedStrongKeyDummyValueEntry: loaded 2 times (x 80B)
Class org.objectweb.asm.Edge                                                          : loaded 2 times (x 70B)
Class com.google.common.collect.Maps$EntryTransformer                                 : loaded 2 times (x 68B)
Class com.google.common.collect.ImmutableCollection$Builder                           : loaded 2 times (x 74B)
Class org.apache.commons.io.FilenameUtils                                             : loaded 2 times (x 69B)
Class [Lorg.objectweb.asm.SymbolTable$Entry;                                          : loaded 2 times (x 67B)
Class com.google.common.reflect.Types$JavaVersion                                     : loaded 2 times (x 81B)
Class com.google.common.collect.SingletonImmutableBiMap                               : loaded 2 times (x 141B)
Class org.apache.commons.io.file.PathFilter                                           : loaded 2 times (x 68B)
Class com.google.common.base.CommonPattern                                            : loaded 2 times (x 72B)
Class com.google.common.base.Suppliers$MemoizingSupplier                              : loaded 2 times (x 77B)
Class com.google.common.base.Suppliers                                                : loaded 2 times (x 69B)
Class [Lcom.google.common.collect.Iterators$EmptyModifiableIterator;                  : loaded 2 times (x 67B)
Class org.objectweb.asm.ClassVisitor                                                  : loaded 2 times (x 86B)
Class com.google.common.collect.MapMakerInternalMap$StrongKeyDummyValueEntry          : loaded 2 times (x 80B)
Class com.google.common.cache.LoadingCache                                            : loaded 2 times (x 68B)
Class org.gradle.internal.service.ServiceLookupException                              : loaded 2 times (x 80B)
Class com.google.common.collect.MapMakerInternalMap$StrongKeyDummyValueSegment        : loaded 2 times (x 140B)
Class org.gradle.cache.GlobalCache                                                    : loaded 2 times (x 68B)
Class com.google.common.base.Present                                                  : loaded 2 times (x 79B)
Class com.google.common.base.CharMatcher$NegatedFastMatcher                           : loaded 2 times (x 111B)
Class [Lorg.gradle.api.internal.ClassPathProvider;                                    : loaded 2 times (x 67B)
Class com.google.common.util.concurrent.AbstractFuture$SafeAtomicHelper               : loaded 2 times (x 77B)
Class com.google.common.collect.ImmutableMultimap$Values                              : loaded 2 times (x 124B)
Class org.gradle.util.internal.GUtil                                                  : loaded 2 times (x 69B)
Class com.google.common.math.IntMath                                                  : loaded 2 times (x 69B)
Class [Lcom.google.common.reflect.Types$JavaVersion;                                  : loaded 2 times (x 67B)
Class com.google.common.collect.AbstractIterator                                      : loaded 2 times (x 80B)
Class org.gradle.internal.classloader.ClassLoaderSpec                                 : loaded 2 times (x 69B)
Class com.google.common.io.LineProcessor                                              : loaded 2 times (x 68B)
Class com.google.common.base.NullnessCasts                                            : loaded 2 times (x 69B)
Class com.google.common.io.CharSink                                                   : loaded 2 times (x 77B)
Class org.objectweb.asm.Frame                                                         : loaded 2 times (x 71B)
Class com.google.common.cache.LocalCache$LocalManualCache                             : loaded 2 times (x 97B)
Class com.google.common.collect.AbstractMapEntry                                      : loaded 2 times (x 79B)
Class com.google.common.collect.ImmutableList$Builder                                 : loaded 2 times (x 75B)
Class com.google.common.base.CharMatcher$Negated                                      : loaded 2 times (x 111B)
Class com.google.common.cache.CacheLoader$1                                           : loaded 2 times (x 73B)
Class [Lcom.google.common.collect.MapMakerInternalMap$Strength;                       : loaded 2 times (x 67B)
Class com.google.common.util.concurrent.AbstractFuture$TrustedFuture                  : loaded 2 times (x 95B)
Class com.google.common.collect.MapMakerInternalMap$InternalEntry                     : loaded 2 times (x 68B)
Class org.apache.commons.io.FileExistsException                                       : loaded 2 times (x 80B)
Class com.google.common.collect.Maps$ViewCachingAbstractMap                           : loaded 2 times (x 123B)
Class com.google.common.collect.Sets                                                  : loaded 2 times (x 69B)
Class com.google.common.collect.ImmutableSet$Builder                                  : loaded 2 times (x 83B)
Class com.google.common.collect.MapMakerInternalMap                                   : loaded 2 times (x 159B)
Class com.google.common.base.CharMatcher$ForPredicate                                 : loaded 2 times (x 110B)
Class com.google.common.collect.ImmutableMap$MapViewOfValuesAsSingletonSets           : loaded 2 times (x 123B)
Class com.google.common.collect.ImmutableMapKeySet                                    : loaded 2 times (x 148B)
Class org.apache.commons.io.output.StringBuilderWriter                                : loaded 2 times (x 98B)
Class org.objectweb.asm.commons.InstructionAdapter                                    : loaded 2 times (x 186B)
Class com.google.common.base.MoreObjects                                              : loaded 2 times (x 69B)
Class com.google.common.collect.SortedMapDifference                                   : loaded 2 times (x 68B)
Class org.objectweb.asm.SymbolTable                                                   : loaded 2 times (x 70B)
Class [Lorg.objectweb.asm.AnnotationVisitor;                                          : loaded 2 times (x 67B)
Class com.google.common.cache.CacheStats                                              : loaded 2 times (x 69B)
Class org.objectweb.asm.Attribute                                                     : loaded 2 times (x 75B)
Class org.gradle.internal.classloader.VisitableURLClassLoader                         : loaded 2 times (x 115B)
Class com.google.common.cache.LocalCache$LocalLoadingCache                            : loaded 2 times (x 132B)
Class com.google.common.base.Supplier                                                 : loaded 2 times (x 68B)
Class com.google.common.collect.ImmutableMultimap$Keys                                : loaded 2 times (x 164B)
Class com.google.common.base.Objects                                                  : loaded 2 times (x 69B)
Class com.google.common.util.concurrent.AbstractFuture$AtomicHelper                   : loaded 2 times (x 76B)
Class com.google.common.collect.ImmutableBiMap                                        : loaded 2 times (x 141B)
Class org.gradle.internal.Cast                                                        : loaded 2 times (x 69B)
Class com.google.common.reflect.TypeCapture                                           : loaded 2 times (x 69B)
Class org.gradle.api.internal.ClassPathRegistry                                       : loaded 2 times (x 68B)
Class com.google.common.cache.LocalCache$EntryFactory                                 : loaded 2 times (x 81B)
Class com.google.common.util.concurrent.UncheckedExecutionException                   : loaded 2 times (x 80B)
Class com.google.common.collect.ImmutableSet                                          : loaded 2 times (x 143B)
Class org.gradle.internal.classloader.VisitableURLClassLoader$InstrumentingVisitableURLClassLoader: loaded 2 times (x 121B)
Class org.gradle.internal.classloader.ClassLoaderHierarchy                            : loaded 2 times (x 68B)
Class ijresolvers5_doml5548emfp69xcy0kkujmta                                          : loaded 2 times (x 180B)
Class com.google.common.io.Closer$Suppressor                                          : loaded 2 times (x 68B)
Class com.google.common.collect.AbstractMapBasedMultimap$WrappedList                  : loaded 2 times (x 165B)
Class [Lorg.objectweb.asm.Type;                                                       : loaded 2 times (x 67B)
Class com.google.common.collect.MapMakerInternalMap$WeakValueReference                : loaded 2 times (x 68B)
Class com.google.common.base.AbstractIterator$State                                   : loaded 2 times (x 77B)
Class com.google.common.cache.Weigher                                                 : loaded 2 times (x 68B)
Class com.google.common.collect.MapMakerInternalMap$StrongValueEntry                  : loaded 2 times (x 68B)
Class com.google.common.base.CharMatcher$NamedFastMatcher                             : loaded 2 times (x 110B)
Class org.gradle.internal.InternalTransformer                                         : loaded 2 times (x 68B)
Class org.apache.commons.io.output.NullOutputStream                                   : loaded 2 times (x 83B)
Class org.gradle.internal.service.ServiceLocator                                      : loaded 2 times (x 68B)
Class Settings_gradle$1                                                               : loaded 2 times (x 72B)
Class com.google.common.collect.ImmutableRangeSet$1                                   : loaded 2 times (x 169B)
Class com.google.common.util.concurrent.SettableFuture                                : loaded 2 times (x 95B)
Class com.google.common.io.Files$2                                                    : loaded 2 times (x 74B)
Class com.google.common.collect.ImmutableMapEntry                                     : loaded 2 times (x 83B)
Class com.google.common.reflect.Types$ParameterizedTypeImpl                           : loaded 2 times (x 79B)
Class com.google.common.base.CharMatcher$Invisible                                    : loaded 2 times (x 110B)
Class com.google.common.base.Joiner$1                                                 : loaded 2 times (x 78B)
Class com.google.common.collect.MapMaker                                              : loaded 2 times (x 70B)
Class com.google.common.base.Joiner$2                                                 : loaded 2 times (x 77B)
Class com.google.common.reflect.Types$JavaVersion$1                                   : loaded 2 times (x 81B)
Class com.google.common.collect.ImmutableMultiset                                     : loaded 2 times (x 161B)
Class com.google.common.base.CharMatcher$FastMatcher                                  : loaded 2 times (x 109B)
Class com.google.common.reflect.Types$JavaVersion$2                                   : loaded 2 times (x 81B)
Class com.google.common.reflect.Types$JavaVersion$3                                   : loaded 2 times (x 81B)
Class org.gradle.internal.classpath.DefaultClassPath$ImmutableUniqueList              : loaded 2 times (x 159B)
Class com.google.common.reflect.Types$JavaVersion$4                                   : loaded 2 times (x 81B)
Class com.google.common.reflect.Types$JavaVersion$5                                   : loaded 2 times (x 69B)
Class com.google.common.base.CharMatcher$JavaLetter                                   : loaded 2 times (x 109B)
Class com.google.common.collect.ImmutableMultimap$1                                   : loaded 2 times (x 80B)
Class com.google.common.collect.ImmutableMultimap$2                                   : loaded 2 times (x 79B)
Class org.gradle.internal.classpath.TransformedClassPath                              : loaded 2 times (x 94B)
Class com.google.common.collect.MapDifference                                         : loaded 2 times (x 68B)
Class com.google.common.reflect.TypeToken$SimpleTypeToken                             : loaded 2 times (x 71B)
Class com.google.common.collect.Sets$1                                                : loaded 2 times (x 137B)
Class com.google.common.collect.Sets$2                                                : loaded 2 times (x 137B)
Class com.google.common.util.concurrent.AbstractFuture$Trusted                        : loaded 2 times (x 68B)
Class com.google.common.collect.Sets$3                                                : loaded 2 times (x 137B)
Class com.google.common.graph.SuccessorsFunction                                      : loaded 2 times (x 68B)
Class com.google.common.collect.Sets$4                                                : loaded 2 times (x 137B)
Class com.google.common.reflect.Types$NativeTypeVariableEquals                        : loaded 2 times (x 69B)
Class Settings_gradle                                                                 : loaded 2 times (x 126B)
Class com.google.common.io.ByteSink                                                   : loaded 2 times (x 74B)
Class com.google.common.collect.AbstractMapBasedMultimap$WrappedCollection$WrappedIterator: loaded 2 times (x 82B)
Class org.objectweb.asm.MethodWriter                                                  : loaded 2 times (x 104B)
Class com.google.common.collect.Platform                                              : loaded 2 times (x 69B)
Class com.google.common.collect.ImmutableAsList                                       : loaded 2 times (x 169B)
Class com.google.common.util.concurrent.ExecutionError                                : loaded 2 times (x 80B)
Class com.google.common.io.ByteSink$AsCharSink                                        : loaded 2 times (x 78B)
Class com.google.common.base.Equivalence$Identity                                     : loaded 2 times (x 80B)
Class com.google.common.base.CharMatcher$AnyOf                                        : loaded 2 times (x 110B)
Class com.google.common.base.CharMatcher$IsEither                                     : loaded 2 times (x 109B)
Class com.google.common.cache.LocalCache                                              : loaded 2 times (x 185B)
Class com.google.common.collect.ImmutableRangeSet$Builder                             : loaded 2 times (x 75B)
Class com.google.common.collect.RegularImmutableList                                  : loaded 2 times (x 172B)
Class com.google.common.util.concurrent.AbstractFuture$UnsafeAtomicHelper$1           : loaded 2 times (x 74B)
Class com.google.common.base.CharMatcher$JavaUpperCase                                : loaded 2 times (x 109B)
Class com.google.common.collect.Multiset                                              : loaded 2 times (x 68B)
Class com.google.common.collect.ImmutableSet$CachingAsList                            : loaded 2 times (x 145B)
Class com.google.common.reflect.Invokable$ConstructorInvokable                        : loaded 2 times (x 103B)
Class org.objectweb.asm.MethodVisitor                                                 : loaded 2 times (x 103B)
Class com.google.common.collect.AbstractMapBasedMultimap$KeySet$1                     : loaded 2 times (x 80B)
Class com.google.common.collect.ImmutableMapEntry$NonTerminalImmutableMapEntry        : loaded 2 times (x 83B)
Class com.google.common.collect.AbstractMapBasedMultimap                              : loaded 2 times (x 137B)


---------------  S Y S T E M  ---------------

OS:
 Windows 11 , 64 bit Build 22621 (10.0.22621.4391)
OS uptime: 0 days 3:32 hours
Hyper-V role detected

CPU: total 8 (initial active 8) (8 cores per cpu, 2 threads per core) family 23 model 24 stepping 1 microcode 0x0, cx8, cmov, fxsr, ht, mmx, 3dnowpref, sse, sse2, sse3, ssse3, sse4a, sse4.1, sse4.2, popcnt, lzcnt, tsc, tscinvbit, avx, avx2, aes, clmul, bmi1, bmi2, adx, sha, fma, vzeroupper, clflush, clflushopt, hv
Processor Information for all 8 processors :
  Max Mhz: 2100, Current Mhz: 2100, Mhz Limit: 2100

Memory: 4k page, system-wide physical 6020M (359M free)
TotalPageFile size 24214M (AvailPageFile size 315M)
current process WorkingSet (physical memory assigned to process): 662M, peak: 662M
current process commit charge ("private bytes"): 857M, peak: 1499M

vm_info: OpenJDK 64-Bit Server VM (17.0.10+0--11572160) for windows-amd64 JRE (17.0.10+0--11572160), built on Mar 13 2024 23:56:38 by "androidbuild" with MS VC++ 16.10 / 16.11 (VS2019)

END.
